uid,shortUrl
4000,https://jojoin.cc/D60UXH9c3K
3999,https://jojoin.cc/D60UXH9c3J
3998,https://jojoin.cc/D60UXH9c3H
3997,https://jojoin.cc/D60UXH9c3G
3996,https://jojoin.cc/D60UXH9c3F
3995,https://jojoin.cc/D60UXH9c3D
3994,https://jojoin.cc/D60UXH9c3S
3993,https://jojoin.cc/D60UXH9c3A
3992,https://jojoin.cc/D60UXH9c3P
3991,https://jojoin.cc/D60UXH9c3O
3990,https://jojoin.cc/D60UXH9c3I
3989,https://jojoin.cc/D60UXH9c3U
3988,https://jojoin.cc/D60UXH9c3Y
3987,https://jojoin.cc/D60UXH9c3T
3986,https://jojoin.cc/D60UXH9c3R
3985,https://jojoin.cc/D60UXH9c3E
3984,https://jojoin.cc/D60UXH9c3W
3983,https://jojoin.cc/D60UXH9c3Q
3982,https://jojoin.cc/D60UXH9c39
3981,https://jojoin.cc/D60UXH9c38
3980,https://jojoin.cc/D60UXH9c37
3979,https://jojoin.cc/D60UXH9c36
3978,https://jojoin.cc/D60UXH9c35
3977,https://jojoin.cc/D60UXH9c34
3976,https://jojoin.cc/D60UXH9c33
3975,https://jojoin.cc/D60UXH9c32
3974,https://jojoin.cc/D60UXH9c31
3973,https://jojoin.cc/D60UXH9c30
3972,https://jojoin.cc/D60UXH9c3m
3971,https://jojoin.cc/D60UXH9c3n
3970,https://jojoin.cc/D60UXH9c3b
3969,https://jojoin.cc/D60UXH9c3v
3968,https://jojoin.cc/D60UXH9c3c
3967,https://jojoin.cc/D60UXH9c3x
3966,https://jojoin.cc/D60UXH9c3z
3965,https://jojoin.cc/D60UXH9c3l
3964,https://jojoin.cc/D60UXH9c3k
3963,https://jojoin.cc/D60UXH9c3j
3962,https://jojoin.cc/D60UXH9c3h
3961,https://jojoin.cc/D60UXHkAbx
3960,https://jojoin.cc/D60UXHkAbz
3959,https://jojoin.cc/D60UXHkAbl
3958,https://jojoin.cc/D60UXHkAbk
3957,https://jojoin.cc/D60UXHkAbj
3956,https://jojoin.cc/D60UXHkAbh
3955,https://jojoin.cc/D60UXHkAbg
3954,https://jojoin.cc/D60UXHkAbf
3953,https://jojoin.cc/D60UXHkAbd
3952,https://jojoin.cc/D60UXHkAbs
3951,https://jojoin.cc/D60UXHkAba
3950,https://jojoin.cc/D60UXHkAbp
3949,https://jojoin.cc/D60UXHkAbo
3948,https://jojoin.cc/D60UXHkAbi
3947,https://jojoin.cc/D60UXHkAbu
3946,https://jojoin.cc/D60UXHkAby
3945,https://jojoin.cc/D60UXHkAbt
3944,https://jojoin.cc/D60UXHkAbr
3943,https://jojoin.cc/D60UXHkAbe
3942,https://jojoin.cc/D60UXHkAbw
3941,https://jojoin.cc/D60UXHkAbq
3940,https://jojoin.cc/D60UXHkAvM
3939,https://jojoin.cc/D60UXHkAvN
3938,https://jojoin.cc/D60UXHkAvB
3937,https://jojoin.cc/D60UXHkAvV
3936,https://jojoin.cc/D60UXHkAvC
3935,https://jojoin.cc/D60UXHkAvX
3934,https://jojoin.cc/D60UXHkAvZ
3933,https://jojoin.cc/D60UXHkAvL
3932,https://jojoin.cc/D60UXHkAvK
3931,https://jojoin.cc/D60UXHkAvJ
3930,https://jojoin.cc/D60UXHkAvH
3929,https://jojoin.cc/D60UXHkAvG
3928,https://jojoin.cc/D60UXHkAvF
3927,https://jojoin.cc/D60UXHkAvD
3926,https://jojoin.cc/D60UXHkAvS
3925,https://jojoin.cc/D60UXHkAvA
3924,https://jojoin.cc/D60UXHkAvP
3923,https://jojoin.cc/D60UXHkAvO
3922,https://jojoin.cc/D60UXHkAvI
3921,https://jojoin.cc/D60UXHkAvU
3920,https://jojoin.cc/D60UXHkAvY
3919,https://jojoin.cc/D60UXHkAvT
3918,https://jojoin.cc/D60UXHkAvR
3917,https://jojoin.cc/D60UXHkAvE
3916,https://jojoin.cc/D60UXHkAvW
3915,https://jojoin.cc/D60UXHkAvQ
3914,https://jojoin.cc/D60UXHkAv9
3913,https://jojoin.cc/D60UXHkAv8
3912,https://jojoin.cc/D60UXHkAv7
3911,https://jojoin.cc/D60UXHkAv6
3910,https://jojoin.cc/D60UXHkAv5
3909,https://jojoin.cc/D60UXHkAv4
3908,https://jojoin.cc/D60UXHkAv3
3907,https://jojoin.cc/D60UXHkAv2
3906,https://jojoin.cc/D60UXHkAv1
3905,https://jojoin.cc/D60UXHkAv0
3904,https://jojoin.cc/D60UXHkAvm
3903,https://jojoin.cc/D60UXHkAvn
3902,https://jojoin.cc/D60UXHkAvb
3901,https://jojoin.cc/D60UXHkAvv
3900,https://jojoin.cc/D60UXHkAvc
3899,https://jojoin.cc/D60UXHkAvx
3898,https://jojoin.cc/D60UXHkAvz
3897,https://jojoin.cc/D60UXHkAvl
3896,https://jojoin.cc/D60UXHkAvk
3895,https://jojoin.cc/D60UXHkAvj
3894,https://jojoin.cc/D60UXHkAvh
3893,https://jojoin.cc/D60UXHkAvg
3892,https://jojoin.cc/D60UXHkAvf
3891,https://jojoin.cc/D60UXHkAvd
3890,https://jojoin.cc/D60UXHkAvs
3889,https://jojoin.cc/D60UXHkAva
3888,https://jojoin.cc/D60UXHkAvp
3887,https://jojoin.cc/D60UXHkAvo
3886,https://jojoin.cc/D60UXHkAvi
3885,https://jojoin.cc/D60UXHkAvu
3884,https://jojoin.cc/D60UXHkAvy
3883,https://jojoin.cc/D60UXHkAvt
3882,https://jojoin.cc/D60UXHkAvr
3881,https://jojoin.cc/D60UXHkAve
3880,https://jojoin.cc/D60UXHkAvw
3879,https://jojoin.cc/D60UXHkAvq
3878,https://jojoin.cc/D60UXHkAcM
3877,https://jojoin.cc/D60UXHkAcN
3876,https://jojoin.cc/D60UXHkAcB
3875,https://jojoin.cc/D60UXHkAcV
3874,https://jojoin.cc/D60UXHkAcC
3873,https://jojoin.cc/D60UXHkAcX
3872,https://jojoin.cc/D60UXHkAcZ
3871,https://jojoin.cc/D60UXHkAcL
3870,https://jojoin.cc/D60UXHkAcK
3869,https://jojoin.cc/D60UXHkAcJ
3868,https://jojoin.cc/D60UXHkAcH
3867,https://jojoin.cc/D60UXHkAcG
3866,https://jojoin.cc/D60UXHkAcF
3865,https://jojoin.cc/D60UXHkAcD
3864,https://jojoin.cc/D60UXHkAcS
3863,https://jojoin.cc/D60UXHkAcA
3862,https://jojoin.cc/D60UXHkAcP
3861,https://jojoin.cc/D60UXHkAcO
3860,https://jojoin.cc/D60UXHkAcI
3859,https://jojoin.cc/D60UXHkAcU
3858,https://jojoin.cc/D60UXHkAcY
3857,https://jojoin.cc/D60UXHkAcT
3856,https://jojoin.cc/D60UXHkAcR
3855,https://jojoin.cc/D60UXHkAcE
3854,https://jojoin.cc/D60UXHkAcW
3853,https://jojoin.cc/D60UXHkAcQ
3852,https://jojoin.cc/D60UXHkAc9
3851,https://jojoin.cc/D60UXHkAc8
3850,https://jojoin.cc/D60UXHkAc7
3849,https://jojoin.cc/D60UXHkAc6
3848,https://jojoin.cc/D60UXHkAc5
3847,https://jojoin.cc/D60UXHkAc4
3846,https://jojoin.cc/D60UXHkAc3
3845,https://jojoin.cc/D60UXHkAc2
3844,https://jojoin.cc/D60UXHkAc1
3843,https://jojoin.cc/D60UXHkAc0
3842,https://jojoin.cc/D60UXHkAcm
3841,https://jojoin.cc/D60UXHkAcn
3840,https://jojoin.cc/D60UXHkAcb
3839,https://jojoin.cc/D60UXHkAcv
3838,https://jojoin.cc/D60UXHkAcc
3837,https://jojoin.cc/D60UXHkAcx
3836,https://jojoin.cc/D60UXHkAcz
3835,https://jojoin.cc/D60UXHkAcl
3834,https://jojoin.cc/D60UXHkAck
3833,https://jojoin.cc/D60UXHkAcj
3832,https://jojoin.cc/D60UXHkAch
3831,https://jojoin.cc/D60UXHkAcg
3830,https://jojoin.cc/D60UXHkAcf
3829,https://jojoin.cc/D60UXHkAcd
3828,https://jojoin.cc/D60UXHkAcs
3827,https://jojoin.cc/D60UXHqphl
3826,https://jojoin.cc/D60UXHqphk
3825,https://jojoin.cc/D60UXHqphj
3824,https://jojoin.cc/D60UXHqphh
3823,https://jojoin.cc/D60UXHqphg
3822,https://jojoin.cc/D60UXHqphf
3821,https://jojoin.cc/D60UXHqphd
3820,https://jojoin.cc/D60UXHqphs
3819,https://jojoin.cc/D60UXHqpha
3818,https://jojoin.cc/D60UXHqphp
3817,https://jojoin.cc/D60UXHqpho
3816,https://jojoin.cc/D60UXHqphi
3815,https://jojoin.cc/D60UXHqphu
3814,https://jojoin.cc/D60UXHqphy
3813,https://jojoin.cc/D60UXHqpht
3812,https://jojoin.cc/D60UXHqphr
3811,https://jojoin.cc/D60UXHqphe
3810,https://jojoin.cc/D60UXHqphw
3809,https://jojoin.cc/D60UXHqphq
3808,https://jojoin.cc/D60UXHqpgM
3807,https://jojoin.cc/D60UXHqpgN
3806,https://jojoin.cc/D60UXHqpgB
3805,https://jojoin.cc/D60UXHqpgV
3804,https://jojoin.cc/D60UXHqpgC
3803,https://jojoin.cc/D60UXHqpgX
3802,https://jojoin.cc/D60UXHqpgZ
3801,https://jojoin.cc/D60UXHqpgL
3800,https://jojoin.cc/D60UXHqpgK
3799,https://jojoin.cc/D60UXHqpgJ
3798,https://jojoin.cc/D60UXHqpgH
3797,https://jojoin.cc/D60UXHqpgG
3796,https://jojoin.cc/D60UXHqpgF
3795,https://jojoin.cc/D60UXHqpgD
3794,https://jojoin.cc/D60UXHqpgS
3793,https://jojoin.cc/D60UXHqpgA
3792,https://jojoin.cc/D60UXHqpgP
3791,https://jojoin.cc/D60UXHqpgO
3790,https://jojoin.cc/D60UXHqpgI
3789,https://jojoin.cc/D60UXHqpgU
3788,https://jojoin.cc/D60UXHqpgY
3787,https://jojoin.cc/D60UXHqpgT
3786,https://jojoin.cc/D60UXHqpgR
3785,https://jojoin.cc/D60UXHqpgE
3784,https://jojoin.cc/D60UXHqpgW
3783,https://jojoin.cc/D60UXHqpgQ
3782,https://jojoin.cc/D60UXHqpg9
3781,https://jojoin.cc/D60UXHqpg8
3780,https://jojoin.cc/D60UXHqpg7
3779,https://jojoin.cc/D60UXHqpg6
3778,https://jojoin.cc/D60UXHqpg5
3777,https://jojoin.cc/D60UXHqpg4
3776,https://jojoin.cc/D60UXHqpg3
3775,https://jojoin.cc/D60UXHqpg2
3774,https://jojoin.cc/D60UXHqpg1
3773,https://jojoin.cc/D60UXHqpg0
3772,https://jojoin.cc/D60UXHqpgm
3771,https://jojoin.cc/D60UXHqpgn
3770,https://jojoin.cc/D60UXHqpgb
3769,https://jojoin.cc/D60UXHqpgv
3768,https://jojoin.cc/D60UXHqpgc
3767,https://jojoin.cc/D60UXHqpgx
3766,https://jojoin.cc/D60UXHqpgz
3765,https://jojoin.cc/D60UXHqpgl
3764,https://jojoin.cc/D60UXHqpgk
3763,https://jojoin.cc/D60UXHqpgj
3762,https://jojoin.cc/D60UXHqpgh
3761,https://jojoin.cc/D60UXHqpgg
3760,https://jojoin.cc/D60UXHqpgf
3759,https://jojoin.cc/D60UXHqpgd
3758,https://jojoin.cc/D60UXHqpgs
3757,https://jojoin.cc/D60UXHqpga
3756,https://jojoin.cc/D60UXHqpgp
3755,https://jojoin.cc/D60UXHqpgo
3754,https://jojoin.cc/D60UXHqpgi
3753,https://jojoin.cc/D60UXHqpgu
3752,https://jojoin.cc/D60UXHqpgy
3751,https://jojoin.cc/D60UXHqpgt
3750,https://jojoin.cc/D60UXHqpgr
3749,https://jojoin.cc/D60UXHqpge
3748,https://jojoin.cc/D60UXHqpgw
3747,https://jojoin.cc/D60UXHqpgq
3746,https://jojoin.cc/D60UXHqpfM
3745,https://jojoin.cc/D60UXHqpfN
3744,https://jojoin.cc/D60UXHqpfB
3743,https://jojoin.cc/D60UXHqpfV
3742,https://jojoin.cc/D60UXHqpfC
3741,https://jojoin.cc/D60UXHqpfX
3740,https://jojoin.cc/D60UXHqpfZ
3739,https://jojoin.cc/D60UXHqpfL
3738,https://jojoin.cc/D60UXHqpfK
3737,https://jojoin.cc/D60UXHqpfJ
3736,https://jojoin.cc/D60UXHqpfH
3735,https://jojoin.cc/D60UXHqpfG
3734,https://jojoin.cc/D60UXHqpfF
3733,https://jojoin.cc/D60UXHqpfD
3732,https://jojoin.cc/D60UXHqpfS
3731,https://jojoin.cc/D60UXHqpfA
3730,https://jojoin.cc/D60UXHqpfP
3729,https://jojoin.cc/D60UXHqpfO
3728,https://jojoin.cc/D60UXHqpfI
3727,https://jojoin.cc/D60UXHqpfU
3726,https://jojoin.cc/D60UXHqpfY
3725,https://jojoin.cc/D60UXHqpfT
3724,https://jojoin.cc/D60UXHqpfR
3723,https://jojoin.cc/D60UXHqpfE
3722,https://jojoin.cc/D60UXHqpfW
3721,https://jojoin.cc/D60UXHqpfQ
3720,https://jojoin.cc/D60UXHqpf9
3719,https://jojoin.cc/D60UXHqpf8
3718,https://jojoin.cc/D60UXHqpf7
3717,https://jojoin.cc/D60UXHqpf6
3716,https://jojoin.cc/D60UXHqpf5
3715,https://jojoin.cc/D60UXHqpf4
3714,https://jojoin.cc/D60UXHqpf3
3713,https://jojoin.cc/D60UXHqpf2
3712,https://jojoin.cc/D60UXHqpf1
3711,https://jojoin.cc/D60UXHqpf0
3710,https://jojoin.cc/D60UXHqpfm
3709,https://jojoin.cc/D60UXHqpfn
3708,https://jojoin.cc/D60UXHqpfb
3707,https://jojoin.cc/D60UXHqpfv
3706,https://jojoin.cc/D60UXHqpfc
3705,https://jojoin.cc/D60UXHqpfx
3704,https://jojoin.cc/D60UXHqpfz
3703,https://jojoin.cc/D60UXHqpfl
3702,https://jojoin.cc/D60UXHqpfk
3701,https://jojoin.cc/D60UXHqpfj
3700,https://jojoin.cc/D60UXHqpfh
3699,https://jojoin.cc/D60UXHqpfg
3698,https://jojoin.cc/D60UXHqpff
3697,https://jojoin.cc/D60UXHqpfd
3696,https://jojoin.cc/D60UXHqpfs
3695,https://jojoin.cc/D60UXHqpfa
3694,https://jojoin.cc/D60UXHqpfp
3693,https://jojoin.cc/D60UXHqpfo
3692,https://jojoin.cc/D60UXHqpfi
3691,https://jojoin.cc/D60UXGO8is
3690,https://jojoin.cc/D60UXGO8ia
3689,https://jojoin.cc/D60UXGO8ip
3688,https://jojoin.cc/D60UXGO8io
3687,https://jojoin.cc/D60UXGO8ii
3686,https://jojoin.cc/D60UXGO8iu
3685,https://jojoin.cc/D60UXGO8iy
3684,https://jojoin.cc/D60UXGO8it
3683,https://jojoin.cc/D60UXGO8ir
3682,https://jojoin.cc/D60UXGO8ie
3681,https://jojoin.cc/D60UXGO8iw
3680,https://jojoin.cc/D60UXGO8iq
3679,https://jojoin.cc/D60UXGO8uM
3678,https://jojoin.cc/D60UXGO8uN
3677,https://jojoin.cc/D60UXGO8uB
3676,https://jojoin.cc/D60UXGO8uV
3675,https://jojoin.cc/D60UXGO8uC
3674,https://jojoin.cc/D60UXGO8uX
3673,https://jojoin.cc/D60UXGO8uZ
3672,https://jojoin.cc/D60UXGO8uL
3671,https://jojoin.cc/D60UXGO8uK
3670,https://jojoin.cc/D60UXGO8uJ
3669,https://jojoin.cc/D60UXGO8uH
3668,https://jojoin.cc/D60UXGO8uG
3667,https://jojoin.cc/D60UXGO8uF
3666,https://jojoin.cc/D60UXGO8uD
3665,https://jojoin.cc/D60UXGO8uS
3664,https://jojoin.cc/D60UXGO8uA
3663,https://jojoin.cc/D60UXGO8uP
3662,https://jojoin.cc/D60UXGO8uO
3661,https://jojoin.cc/D60UXGO8uI
3660,https://jojoin.cc/D60UXGO8uU
3659,https://jojoin.cc/D60UXGO8uY
3658,https://jojoin.cc/D60UXGO8uT
3657,https://jojoin.cc/D60UXGO8uR
3656,https://jojoin.cc/D60UXGO8uE
3655,https://jojoin.cc/D60UXGO8uW
3654,https://jojoin.cc/D60UXGO8uQ
3653,https://jojoin.cc/D60UXGO8u9
3652,https://jojoin.cc/D60UXGO8u8
3651,https://jojoin.cc/D60UXGO8u7
3650,https://jojoin.cc/D60UXGO8u6
3649,https://jojoin.cc/D60UXGO8u5
3648,https://jojoin.cc/D60UXGO8u4
3647,https://jojoin.cc/D60UXGO8u3
3646,https://jojoin.cc/D60UXGO8u2
3645,https://jojoin.cc/D60UXGO8u1
3644,https://jojoin.cc/D60UXGO8u0
3643,https://jojoin.cc/D60UXGO8um
3642,https://jojoin.cc/D60UXGO8un
3641,https://jojoin.cc/D60UXGO8ub
3640,https://jojoin.cc/D60UXGO8uv
3639,https://jojoin.cc/D60UXGO8uc
3638,https://jojoin.cc/D60UXGO8ux
3637,https://jojoin.cc/D60UXGO8uz
3636,https://jojoin.cc/D60UXGO8ul
3635,https://jojoin.cc/D60UXGO8uk
3634,https://jojoin.cc/D60UXGO8uj
3633,https://jojoin.cc/D60UXGO8uh
3632,https://jojoin.cc/D60UXGO8ug
3631,https://jojoin.cc/D60UXGO8uf
3630,https://jojoin.cc/D60UXGO8ud
3629,https://jojoin.cc/D60UXGO8us
3628,https://jojoin.cc/D60UXGO8ua
3627,https://jojoin.cc/D60UXGO8up
3626,https://jojoin.cc/D60UXGO8uo
3625,https://jojoin.cc/D60UXGO8ui
3624,https://jojoin.cc/D60UXGO8uu
3623,https://jojoin.cc/D60UXGO8uy
3622,https://jojoin.cc/D60UXGO8ut
3621,https://jojoin.cc/D60UXGO8ur
3620,https://jojoin.cc/D60UXGO8ue
3619,https://jojoin.cc/D60UXGO8uw
3618,https://jojoin.cc/D60UXGO8uq
3617,https://jojoin.cc/D60UXGO8yM
3616,https://jojoin.cc/D60UXGO8yN
3615,https://jojoin.cc/D60UXGO8yB
3614,https://jojoin.cc/D60UXGO8yV
3613,https://jojoin.cc/D60UXGO8yC
3612,https://jojoin.cc/D60UXGO8yX
3611,https://jojoin.cc/D60UXGO8yZ
3610,https://jojoin.cc/D60UXGO8yL
3609,https://jojoin.cc/D60UXGO8yK
3608,https://jojoin.cc/D60UXGO8yJ
3607,https://jojoin.cc/D60UXGO8yH
3606,https://jojoin.cc/D60UXGO8yG
3605,https://jojoin.cc/D60UXGO8yF
3604,https://jojoin.cc/D60UXGO8yD
3603,https://jojoin.cc/D60UXGO8yS
3602,https://jojoin.cc/D60UXGO8yA
3601,https://jojoin.cc/D60UXGO8yP
3600,https://jojoin.cc/D60UXGO8yO
3599,https://jojoin.cc/D60UXGO8yI
3598,https://jojoin.cc/D60UXGO8yU
3597,https://jojoin.cc/D60UXGO8yY
3596,https://jojoin.cc/D60UXGO8yT
3595,https://jojoin.cc/D60UXGO8yR
3594,https://jojoin.cc/D60UXGO8yE
3593,https://jojoin.cc/D60UXGO8yW
3592,https://jojoin.cc/D60UXGO8yQ
3591,https://jojoin.cc/D60UXGO8y9
3590,https://jojoin.cc/D60UXGO8y8
3589,https://jojoin.cc/D60UXGO8y7
3588,https://jojoin.cc/D60UXGO8y6
3587,https://jojoin.cc/D60UXGO8y5
3586,https://jojoin.cc/D60UXGO8y4
3585,https://jojoin.cc/D60UXGO8y3
3584,https://jojoin.cc/D60UXGO8y2
3583,https://jojoin.cc/D60UXGO8y1
3582,https://jojoin.cc/D60UXGO8y0
3581,https://jojoin.cc/D60UXGO8ym
3580,https://jojoin.cc/D60UXGO8yn
3579,https://jojoin.cc/D60UXGO8yb
3578,https://jojoin.cc/D60UXGO8yv
3577,https://jojoin.cc/D60UXGO8yc
3576,https://jojoin.cc/D60UXGO8yx
3575,https://jojoin.cc/D60UXGO8yz
3574,https://jojoin.cc/D60UXGO8yl
3573,https://jojoin.cc/D60UXGO8yk
3572,https://jojoin.cc/D60UXGO8yj
3571,https://jojoin.cc/D60UXGO8yh
3570,https://jojoin.cc/D60UXGO8yg
3569,https://jojoin.cc/D60UXGO8yf
3568,https://jojoin.cc/D60UXGO8yd
3567,https://jojoin.cc/D60UXGO8ys
3566,https://jojoin.cc/D60UXGO8ya
3565,https://jojoin.cc/D60UXGO8yp
3564,https://jojoin.cc/D60UXGO8yo
3563,https://jojoin.cc/D60UXGO8yi
3562,https://jojoin.cc/D60UXGO8yu
3561,https://jojoin.cc/D60UXGO8yy
3560,https://jojoin.cc/D60UXGO8yt
3559,https://jojoin.cc/D60UXGO8yr
3558,https://jojoin.cc/D60UXG0VMu
3557,https://jojoin.cc/D60UXG0VMy
3556,https://jojoin.cc/D60UXG0VMt
3555,https://jojoin.cc/D60UXG0VMr
3554,https://jojoin.cc/D60UXG0VMe
3553,https://jojoin.cc/D60UXG0VMw
3552,https://jojoin.cc/D60UXG0VMq
3551,https://jojoin.cc/D60UXG0VNM
3550,https://jojoin.cc/D60UXG0VNN
3549,https://jojoin.cc/D60UXG0VNB
3548,https://jojoin.cc/D60UXG0VNV
3547,https://jojoin.cc/D60UXG0VNC
3546,https://jojoin.cc/D60UXG0VNX
3545,https://jojoin.cc/D60UXG0VNZ
3544,https://jojoin.cc/D60UXG0VNL
3543,https://jojoin.cc/D60UXG0VNK
3542,https://jojoin.cc/D60UXG0VNJ
3541,https://jojoin.cc/D60UXG0VNH
3540,https://jojoin.cc/D60UXG0VNG
3539,https://jojoin.cc/D60UXG0VNF
3538,https://jojoin.cc/D60UXG0VND
3537,https://jojoin.cc/D60UXG0VNS
3536,https://jojoin.cc/D60UXG0VNA
3535,https://jojoin.cc/D60UXG0VNP
3534,https://jojoin.cc/D60UXG0VNO
3533,https://jojoin.cc/D60UXG0VNI
3532,https://jojoin.cc/D60UXG0VNU
3531,https://jojoin.cc/D60UXG0VNY
3530,https://jojoin.cc/D60UXG0VNT
3529,https://jojoin.cc/D60UXG0VNR
3528,https://jojoin.cc/D60UXG0VNE
3527,https://jojoin.cc/D60UXG0VNW
3526,https://jojoin.cc/D60UXG0VNQ
3525,https://jojoin.cc/D60UXG0VN9
3524,https://jojoin.cc/D60UXG0VN8
3523,https://jojoin.cc/D60UXG0VN7
3522,https://jojoin.cc/D60UXG0VN6
3521,https://jojoin.cc/D60UXG0VN5
3520,https://jojoin.cc/D60UXG0VN4
3519,https://jojoin.cc/D60UXG0VN3
3518,https://jojoin.cc/D60UXG0VN2
3517,https://jojoin.cc/D60UXG0VN1
3516,https://jojoin.cc/D60UXG0VN0
3515,https://jojoin.cc/D60UXG0VNm
3514,https://jojoin.cc/D60UXG0VNn
3513,https://jojoin.cc/D60UXG0VNb
3512,https://jojoin.cc/D60UXG0VNv
3511,https://jojoin.cc/D60UXG0VNc
3510,https://jojoin.cc/D60UXG0VNx
3509,https://jojoin.cc/D60UXG0VNz
3508,https://jojoin.cc/D60UXG0VNl
3507,https://jojoin.cc/D60UXG0VNk
3506,https://jojoin.cc/D60UXG0VNj
3505,https://jojoin.cc/D60UXG0VNh
3504,https://jojoin.cc/D60UXG0VNg
3503,https://jojoin.cc/D60UXG0VNf
3502,https://jojoin.cc/D60UXG0VNd
3501,https://jojoin.cc/D60UXG0VNs
3500,https://jojoin.cc/D60UXG0VNa
3499,https://jojoin.cc/D60UXG0VNp
3498,https://jojoin.cc/D60UXG0VNo
3497,https://jojoin.cc/D60UXG0VNi
3496,https://jojoin.cc/D60UXG0VNu
3495,https://jojoin.cc/D60UXG0VNy
3494,https://jojoin.cc/D60UXG0VNt
3493,https://jojoin.cc/D60UXG0VNr
3492,https://jojoin.cc/D60UXG0VNe
3491,https://jojoin.cc/D60UXG0VNw
3490,https://jojoin.cc/D60UXG0VNq
3489,https://jojoin.cc/D60UXG0VBM
3488,https://jojoin.cc/D60UXG0VBN
3487,https://jojoin.cc/D60UXG0VBB
3486,https://jojoin.cc/D60UXG0VBV
3485,https://jojoin.cc/D60UXG0VBC
3484,https://jojoin.cc/D60UXG0VBX
3483,https://jojoin.cc/D60UXG0VBZ
3482,https://jojoin.cc/D60UXG0VBL
3481,https://jojoin.cc/D60UXG0VBK
3480,https://jojoin.cc/D60UXG0VBJ
3479,https://jojoin.cc/D60UXG0VBH
3478,https://jojoin.cc/D60UXG0VBG
3477,https://jojoin.cc/D60UXG0VBF
3476,https://jojoin.cc/D60UXG0VBD
3475,https://jojoin.cc/D60UXG0VBS
3474,https://jojoin.cc/D60UXG0VBA
3473,https://jojoin.cc/D60UXG0VBP
3472,https://jojoin.cc/D60UXG0VBO
3471,https://jojoin.cc/D60UXG0VBI
3470,https://jojoin.cc/D60UXG0VBU
3469,https://jojoin.cc/D60UXG0VBY
3468,https://jojoin.cc/D60UXG0VBT
3467,https://jojoin.cc/D60UXG0VBR
3466,https://jojoin.cc/D60UXG0VBE
3465,https://jojoin.cc/D60UXG0VBW
3464,https://jojoin.cc/D60UXG0VBQ
3463,https://jojoin.cc/D60UXG0VB9
3462,https://jojoin.cc/D60UXG0VB8
3461,https://jojoin.cc/D60UXG0VB7
3460,https://jojoin.cc/D60UXG0VB6
3459,https://jojoin.cc/D60UXG0VB5
3458,https://jojoin.cc/D60UXG0VB4
3457,https://jojoin.cc/D60UXG0VB3
3456,https://jojoin.cc/D60UXG0VB2
3455,https://jojoin.cc/D60UXG0VB1
3454,https://jojoin.cc/D60UXG0VB0
3453,https://jojoin.cc/D60UXG0VBm
3452,https://jojoin.cc/D60UXG0VBn
3451,https://jojoin.cc/D60UXG0VBb
3450,https://jojoin.cc/D60UXG0VBv
3449,https://jojoin.cc/D60UXG0VBc
3448,https://jojoin.cc/D60UXG0VBx
3447,https://jojoin.cc/D60UXG0VBz
3446,https://jojoin.cc/D60UXG0VBl
3445,https://jojoin.cc/D60UXG0VBk
3444,https://jojoin.cc/D60UXG0VBj
3443,https://jojoin.cc/D60UXG0VBh
3442,https://jojoin.cc/D60UXG0VBg
3441,https://jojoin.cc/D60UXG0VBf
3440,https://jojoin.cc/D60UXG0VBd
3439,https://jojoin.cc/D60UXG0VBs
3438,https://jojoin.cc/D60UXG0VBa
3437,https://jojoin.cc/D60UXG0VBp
3436,https://jojoin.cc/D60UXG0VBo
3435,https://jojoin.cc/D60UXG0VBi
3434,https://jojoin.cc/D60UXG0VBu
3433,https://jojoin.cc/D60UXG0VBy
3432,https://jojoin.cc/D60UXG0VBt
3431,https://jojoin.cc/D60UXG0VBr
3430,https://jojoin.cc/D60UXG0VBe
3429,https://jojoin.cc/D60UXG0VBw
3428,https://jojoin.cc/D60UXG0VBq
3427,https://jojoin.cc/D60UXG0VVM
3426,https://jojoin.cc/D60UXGpcKr
3425,https://jojoin.cc/D60UXGpcKe
3424,https://jojoin.cc/D60UXGpcKw
3423,https://jojoin.cc/D60UXGpcKq
3422,https://jojoin.cc/D60UXGpcJM
3421,https://jojoin.cc/D60UXGpcJN
3420,https://jojoin.cc/D60UXGpcJB
3419,https://jojoin.cc/D60UXGpcJV
3418,https://jojoin.cc/D60UXGpcJC
3417,https://jojoin.cc/D60UXGpcJX
3416,https://jojoin.cc/D60UXGpcJZ
3415,https://jojoin.cc/D60UXGpcJL
3414,https://jojoin.cc/D60UXGpcJK
3413,https://jojoin.cc/D60UXGpcJJ
3412,https://jojoin.cc/D60UXGpcJH
3411,https://jojoin.cc/D60UXGpcJG
3410,https://jojoin.cc/D60UXGpcJF
3409,https://jojoin.cc/D60UXGpcJD
3408,https://jojoin.cc/D60UXGpcJS
3407,https://jojoin.cc/D60UXGpcJA
3406,https://jojoin.cc/D60UXGpcJP
3405,https://jojoin.cc/D60UXGpcJO
3404,https://jojoin.cc/D60UXGpcJI
3403,https://jojoin.cc/D60UXGpcJU
3402,https://jojoin.cc/D60UXGpcJY
3401,https://jojoin.cc/D60UXGpcJT
3400,https://jojoin.cc/D60UXGpcJR
3399,https://jojoin.cc/D60UXGpcJE
3398,https://jojoin.cc/D60UXGpcJW
3397,https://jojoin.cc/D60UXGpcJQ
3396,https://jojoin.cc/D60UXGpcJ9
3395,https://jojoin.cc/D60UXGpcJ8
3394,https://jojoin.cc/D60UXGpcJ7
3393,https://jojoin.cc/D60UXGpcJ6
3392,https://jojoin.cc/D60UXGpcJ5
3391,https://jojoin.cc/D60UXGpcJ4
3390,https://jojoin.cc/D60UXGpcJ3
3389,https://jojoin.cc/D60UXGpcJ2
3388,https://jojoin.cc/D60UXGpcJ1
3387,https://jojoin.cc/D60UXGpcJ0
3386,https://jojoin.cc/D60UXGpcJm
3385,https://jojoin.cc/D60UXGpcJn
3384,https://jojoin.cc/D60UXGpcJb
3383,https://jojoin.cc/D60UXGpcJv
3382,https://jojoin.cc/D60UXGpcJc
3381,https://jojoin.cc/D60UXGpcJx
3380,https://jojoin.cc/D60UXGpcJz
3379,https://jojoin.cc/D60UXGpcJl
3378,https://jojoin.cc/D60UXGpcJk
3377,https://jojoin.cc/D60UXGpcJj
3376,https://jojoin.cc/D60UXGpcJh
3375,https://jojoin.cc/D60UXGpcJg
3374,https://jojoin.cc/D60UXGpcJf
3373,https://jojoin.cc/D60UXGpcJd
3372,https://jojoin.cc/D60UXGpcJs
3371,https://jojoin.cc/D60UXGpcJa
3370,https://jojoin.cc/D60UXGpcJp
3369,https://jojoin.cc/D60UXGpcJo
3368,https://jojoin.cc/D60UXGpcJi
3367,https://jojoin.cc/D60UXGpcJu
3366,https://jojoin.cc/D60UXGpcJy
3365,https://jojoin.cc/D60UXGpcJt
3364,https://jojoin.cc/D60UXGpcJr
3363,https://jojoin.cc/D60UXGpcJe
3362,https://jojoin.cc/D60UXGpcJw
3361,https://jojoin.cc/D60UXGpcJq
3360,https://jojoin.cc/D60UXGpcHM
3359,https://jojoin.cc/D60UXGpcHN
3358,https://jojoin.cc/D60UXGpcHB
3357,https://jojoin.cc/D60UXGpcHV
3356,https://jojoin.cc/D60UXGpcHC
3355,https://jojoin.cc/D60UXGpcHX
3354,https://jojoin.cc/D60UXGpcHZ
3353,https://jojoin.cc/D60UXGpcHL
3352,https://jojoin.cc/D60UXGpcHK
3351,https://jojoin.cc/D60UXGpcHJ
3350,https://jojoin.cc/D60UXGpcHH
3349,https://jojoin.cc/D60UXGpcHG
3348,https://jojoin.cc/D60UXGpcHF
3347,https://jojoin.cc/D60UXGpcHD
3346,https://jojoin.cc/D60UXGpcHS
3345,https://jojoin.cc/D60UXGpcHA
3344,https://jojoin.cc/D60UXGpcHP
3343,https://jojoin.cc/D60UXGpcHO
3342,https://jojoin.cc/D60UXGpcHI
3341,https://jojoin.cc/D60UXGpcHU
3340,https://jojoin.cc/D60UXGpcHY
3339,https://jojoin.cc/D60UXGpcHT
3338,https://jojoin.cc/D60UXGpcHR
3337,https://jojoin.cc/D60UXGpcHE
3336,https://jojoin.cc/D60UXGpcHW
3335,https://jojoin.cc/D60UXGpcHQ
3334,https://jojoin.cc/D60UXGpcH9
3333,https://jojoin.cc/D60UXGpcH8
3332,https://jojoin.cc/D60UXGpcH7
3331,https://jojoin.cc/D60UXGpcH6
3330,https://jojoin.cc/D60UXGpcH5
3329,https://jojoin.cc/D60UXGpcH4
3328,https://jojoin.cc/D60UXGpcH3
3327,https://jojoin.cc/D60UXGpcH2
3326,https://jojoin.cc/D60UXGpcH1
3325,https://jojoin.cc/D60UXGpcH0
3324,https://jojoin.cc/D60UXGpcHm
3323,https://jojoin.cc/D60UXGpcHn
3322,https://jojoin.cc/D60UXGpcHb
3321,https://jojoin.cc/D60UXGpcHv
3320,https://jojoin.cc/D60UXGpcHc
3319,https://jojoin.cc/D60UXGpcHx
3318,https://jojoin.cc/D60UXGpcHz
3317,https://jojoin.cc/D60UXGpcHl
3316,https://jojoin.cc/D60UXGpcHk
3315,https://jojoin.cc/D60UXGpcHj
3314,https://jojoin.cc/D60UXGpcHh
3313,https://jojoin.cc/D60UXGpcHg
3312,https://jojoin.cc/D60UXGpcHf
3311,https://jojoin.cc/D60UXGpcHd
3310,https://jojoin.cc/D60UXGpcHs
3309,https://jojoin.cc/D60UXGpcHa
3308,https://jojoin.cc/D60UXGpcHp
3307,https://jojoin.cc/D60UXGpcHo
3306,https://jojoin.cc/D60UXGpcHi
3305,https://jojoin.cc/D60UXGpcHu
3304,https://jojoin.cc/D60UXGpcHy
3303,https://jojoin.cc/D60UXGpcHt
3302,https://jojoin.cc/D60UXGpcHr
3301,https://jojoin.cc/D60UXGpcHe
3300,https://jojoin.cc/D60UXGpcHw
3299,https://jojoin.cc/D60UXGpcHq
3298,https://jojoin.cc/D60UXGpcGM
3297,https://jojoin.cc/D60UXGpcGN
3296,https://jojoin.cc/D60UXGpcGB
3295,https://jojoin.cc/D60UXGpcGV
3294,https://jojoin.cc/D60UXGpcGC
3293,https://jojoin.cc/D60UXFKAPr
3292,https://jojoin.cc/D60UXFKAPe
3291,https://jojoin.cc/D60UXFKAPw
3290,https://jojoin.cc/D60UXFKAPq
3289,https://jojoin.cc/D60UXFKAOM
3288,https://jojoin.cc/D60UXFKAON
3287,https://jojoin.cc/D60UXFKAOB
3286,https://jojoin.cc/D60UXFKAOV
3285,https://jojoin.cc/D60UXFKAOC
3284,https://jojoin.cc/D60UXFKAOX
3283,https://jojoin.cc/D60UXFKAOZ
3282,https://jojoin.cc/D60UXFKAOL
3281,https://jojoin.cc/D60UXFKAOK
3280,https://jojoin.cc/D60UXFKAOJ
3279,https://jojoin.cc/D60UXFKAOH
3278,https://jojoin.cc/D60UXFKAOG
3277,https://jojoin.cc/D60UXFKAOF
3276,https://jojoin.cc/D60UXFKAOD
3275,https://jojoin.cc/D60UXFKAOS
3274,https://jojoin.cc/D60UXFKAOA
3273,https://jojoin.cc/D60UXFKAOP
3272,https://jojoin.cc/D60UXFKAOO
3271,https://jojoin.cc/D60UXFKAOI
3270,https://jojoin.cc/D60UXFKAOU
3269,https://jojoin.cc/D60UXFKAOY
3268,https://jojoin.cc/D60UXFKAOT
3267,https://jojoin.cc/D60UXFKAOR
3266,https://jojoin.cc/D60UXFKAOE
3265,https://jojoin.cc/D60UXFKAOW
3264,https://jojoin.cc/D60UXFKAOQ
3263,https://jojoin.cc/D60UXFKAO9
3262,https://jojoin.cc/D60UXFKAO8
3261,https://jojoin.cc/D60UXFKAO7
3260,https://jojoin.cc/D60UXFKAO6
3259,https://jojoin.cc/D60UXFKAO5
3258,https://jojoin.cc/D60UXFKAO4
3257,https://jojoin.cc/D60UXFKAO3
3256,https://jojoin.cc/D60UXFKAO2
3255,https://jojoin.cc/D60UXFKAO1
3254,https://jojoin.cc/D60UXFKAO0
3253,https://jojoin.cc/D60UXFKAOm
3252,https://jojoin.cc/D60UXFKAOn
3251,https://jojoin.cc/D60UXFKAOb
3250,https://jojoin.cc/D60UXFKAOv
3249,https://jojoin.cc/D60UXFKAOc
3248,https://jojoin.cc/D60UXFKAOx
3247,https://jojoin.cc/D60UXFKAOz
3246,https://jojoin.cc/D60UXFKAOl
3245,https://jojoin.cc/D60UXFKAOk
3244,https://jojoin.cc/D60UXFKAOj
3243,https://jojoin.cc/D60UXFKAOh
3242,https://jojoin.cc/D60UXFKAOg
3241,https://jojoin.cc/D60UXFKAOf
3240,https://jojoin.cc/D60UXFKAOd
3239,https://jojoin.cc/D60UXFKAOs
3238,https://jojoin.cc/D60UXFKAOa
3237,https://jojoin.cc/D60UXFKAOp
3236,https://jojoin.cc/D60UXFKAOo
3235,https://jojoin.cc/D60UXFKAOi
3234,https://jojoin.cc/D60UXFKAOu
3233,https://jojoin.cc/D60UXFKAOy
3232,https://jojoin.cc/D60UXFKAOt
3231,https://jojoin.cc/D60UXFKAOr
3230,https://jojoin.cc/D60UXFKAOe
3229,https://jojoin.cc/D60UXFKAOw
3228,https://jojoin.cc/D60UXFKAOq
3227,https://jojoin.cc/D60UXFKAIM
3226,https://jojoin.cc/D60UXFKAIN
3225,https://jojoin.cc/D60UXFKAIB
3224,https://jojoin.cc/D60UXFKAIV
3223,https://jojoin.cc/D60UXFKAIC
3222,https://jojoin.cc/D60UXFKAIX
3221,https://jojoin.cc/D60UXFKAIZ
3220,https://jojoin.cc/D60UXFKAIL
3219,https://jojoin.cc/D60UXFKAIK
3218,https://jojoin.cc/D60UXFKAIJ
3217,https://jojoin.cc/D60UXFKAIH
3216,https://jojoin.cc/D60UXFKAIG
3215,https://jojoin.cc/D60UXFKAIF
3214,https://jojoin.cc/D60UXFKAID
3213,https://jojoin.cc/D60UXFKAIS
3212,https://jojoin.cc/D60UXFKAIA
3211,https://jojoin.cc/D60UXFKAIP
3210,https://jojoin.cc/D60UXFKAIO
3209,https://jojoin.cc/D60UXFKAII
3208,https://jojoin.cc/D60UXFKAIU
3207,https://jojoin.cc/D60UXFKAIY
3206,https://jojoin.cc/D60UXFKAIT
3205,https://jojoin.cc/D60UXFKAIR
3204,https://jojoin.cc/D60UXFKAIE
3203,https://jojoin.cc/D60UXFKAIW
3202,https://jojoin.cc/D60UXFKAIQ
3201,https://jojoin.cc/D60UXFKAI9
3200,https://jojoin.cc/D60UXFKAI8
3199,https://jojoin.cc/D60UXFKAI7
3198,https://jojoin.cc/D60UXFKAI6
3197,https://jojoin.cc/D60UXFKAI5
3196,https://jojoin.cc/D60UXFKAI4
3195,https://jojoin.cc/D60UXFKAI3
3194,https://jojoin.cc/D60UXFKAI2
3193,https://jojoin.cc/D60UXFKAI1
3192,https://jojoin.cc/D60UXFKAI0
3191,https://jojoin.cc/D60UXFKAIm
3190,https://jojoin.cc/D60UXFKAIn
3189,https://jojoin.cc/D60UXFKAIb
3188,https://jojoin.cc/D60UXFKAIv
3187,https://jojoin.cc/D60UXFKAIc
3186,https://jojoin.cc/D60UXFKAIx
3185,https://jojoin.cc/D60UXFKAIz
3184,https://jojoin.cc/D60UXFKAIl
3183,https://jojoin.cc/D60UXFKAIk
3182,https://jojoin.cc/D60UXFKAIj
3181,https://jojoin.cc/D60UXFKAIh
3180,https://jojoin.cc/D60UXFKAIg
3179,https://jojoin.cc/D60UXFKAIf
3178,https://jojoin.cc/D60UXFKAId
3177,https://jojoin.cc/D60UXFKAIs
3176,https://jojoin.cc/D60UXFKAIa
3175,https://jojoin.cc/D60UXFKAIp
3174,https://jojoin.cc/D60UXFKAIo
3173,https://jojoin.cc/D60UXFKAIi
3172,https://jojoin.cc/D60UXFKAIu
3171,https://jojoin.cc/D60UXFKAIy
3170,https://jojoin.cc/D60UXFKAIt
3169,https://jojoin.cc/D60UXFKAIr
3168,https://jojoin.cc/D60UXFKAIe
3167,https://jojoin.cc/D60UXFKAIw
3166,https://jojoin.cc/D60UXFKAIq
3165,https://jojoin.cc/D60UXFKAUM
3164,https://jojoin.cc/D60UXFKAUN
3163,https://jojoin.cc/D60UXFKAUB
3162,https://jojoin.cc/D60UXFKAUV
3161,https://jojoin.cc/D60UXFKAUC
3160,https://jojoin.cc/D60UXFKAUX
3159,https://jojoin.cc/D60UXFKAUZ
3158,https://jojoin.cc/D60UXFKAUL
3157,https://jojoin.cc/D60UXFKAUK
3156,https://jojoin.cc/D60UXFQpQZ
3155,https://jojoin.cc/D60UXFQpQL
3154,https://jojoin.cc/D60UXFQpQK
3153,https://jojoin.cc/D60UXFQpQJ
3152,https://jojoin.cc/D60UXFQpQH
3151,https://jojoin.cc/D60UXFQpQG
3150,https://jojoin.cc/D60UXFQpQF
3149,https://jojoin.cc/D60UXFQpQD
3148,https://jojoin.cc/D60UXFQpQS
3147,https://jojoin.cc/D60UXFQpQA
3146,https://jojoin.cc/D60UXFQpQP
3145,https://jojoin.cc/D60UXFQpQO
3144,https://jojoin.cc/D60UXFQpQI
3143,https://jojoin.cc/D60UXFQpQU
3142,https://jojoin.cc/D60UXFQpQY
3141,https://jojoin.cc/D60UXFQpQT
3140,https://jojoin.cc/D60UXFQpQR
3139,https://jojoin.cc/D60UXFQpQE
3138,https://jojoin.cc/D60UXFQpQW
3137,https://jojoin.cc/D60UXFQpQQ
3136,https://jojoin.cc/D60UXFQpQ9
3135,https://jojoin.cc/D60UXFQpQ8
3134,https://jojoin.cc/D60UXFQpQ7
3133,https://jojoin.cc/D60UXFQpQ6
3132,https://jojoin.cc/D60UXFQpQ5
3131,https://jojoin.cc/D60UXFQpQ4
3130,https://jojoin.cc/D60UXFQpQ3
3129,https://jojoin.cc/D60UXFQpQ2
3128,https://jojoin.cc/D60UXFQpQ1
3127,https://jojoin.cc/D60UXFQpQ0
3126,https://jojoin.cc/D60UXFQpQm
3125,https://jojoin.cc/D60UXFQpQn
3124,https://jojoin.cc/D60UXFQpQb
3123,https://jojoin.cc/D60UXFQpQv
3122,https://jojoin.cc/D60UXFQpQc
3121,https://jojoin.cc/D60UXFQpQx
3120,https://jojoin.cc/D60UXFQpQz
3119,https://jojoin.cc/D60UXFQpQl
3118,https://jojoin.cc/D60UXFQpQk
3117,https://jojoin.cc/D60UXFQpQj
3116,https://jojoin.cc/D60UXFQpQh
3115,https://jojoin.cc/D60UXFQpQg
3114,https://jojoin.cc/D60UXFQpQf
3113,https://jojoin.cc/D60UXFQpQd
3112,https://jojoin.cc/D60UXFQpQs
3111,https://jojoin.cc/D60UXFQpQa
3110,https://jojoin.cc/D60UXFQpQp
3109,https://jojoin.cc/D60UXFQpQo
3108,https://jojoin.cc/D60UXFQpQi
3107,https://jojoin.cc/D60UXFQpQu
3106,https://jojoin.cc/D60UXFQpQy
3105,https://jojoin.cc/D60UXFQpQt
3104,https://jojoin.cc/D60UXFQpQr
3103,https://jojoin.cc/D60UXFQpQe
3102,https://jojoin.cc/D60UXFQpQw
3101,https://jojoin.cc/D60UXFQpQq
3100,https://jojoin.cc/D60UXFQp9M
3099,https://jojoin.cc/D60UXFQp9N
3098,https://jojoin.cc/D60UXFQp9B
3097,https://jojoin.cc/D60UXFQp9V
3096,https://jojoin.cc/D60UXFQp9C
3095,https://jojoin.cc/D60UXFQp9X
3094,https://jojoin.cc/D60UXFQp9Z
3093,https://jojoin.cc/D60UXFQp9L
3092,https://jojoin.cc/D60UXFQp9K
3091,https://jojoin.cc/D60UXFQp9J
3090,https://jojoin.cc/D60UXFQp9H
3089,https://jojoin.cc/D60UXFQp9G
3088,https://jojoin.cc/D60UXFQp9F
3087,https://jojoin.cc/D60UXFQp9D
3086,https://jojoin.cc/D60UXFQp9S
3085,https://jojoin.cc/D60UXFQp9A
3084,https://jojoin.cc/D60UXFQp9P
3083,https://jojoin.cc/D60UXFQp9O
3082,https://jojoin.cc/D60UXFQp9I
3081,https://jojoin.cc/D60UXFQp9U
3080,https://jojoin.cc/D60UXFQp9Y
3079,https://jojoin.cc/D60UXFQp9T
3078,https://jojoin.cc/D60UXFQp9R
3077,https://jojoin.cc/D60UXFQp9E
3076,https://jojoin.cc/D60UXFQp9W
3075,https://jojoin.cc/D60UXFQp9Q
3074,https://jojoin.cc/D60UXFQp99
3073,https://jojoin.cc/D60UXFQp98
3072,https://jojoin.cc/D60UXFQp97
3071,https://jojoin.cc/D60UXFQp96
3070,https://jojoin.cc/D60UXFQp95
3069,https://jojoin.cc/D60UXFQp94
3068,https://jojoin.cc/D60UXFQp93
3067,https://jojoin.cc/D60UXFQp92
3066,https://jojoin.cc/D60UXFQp91
3065,https://jojoin.cc/D60UXFQp90
3064,https://jojoin.cc/D60UXFQp9m
3063,https://jojoin.cc/D60UXFQp9n
3062,https://jojoin.cc/D60UXFQp9b
3061,https://jojoin.cc/D60UXFQp9v
3060,https://jojoin.cc/D60UXFQp9c
3059,https://jojoin.cc/D60UXFQp9x
3058,https://jojoin.cc/D60UXFQp9z
3057,https://jojoin.cc/D60UXFQp9l
3056,https://jojoin.cc/D60UXFQp9k
3055,https://jojoin.cc/D60UXFQp9j
3054,https://jojoin.cc/D60UXFQp9h
3053,https://jojoin.cc/D60UXFQp9g
3052,https://jojoin.cc/D60UXFQp9f
3051,https://jojoin.cc/D60UXFQp9d
3050,https://jojoin.cc/D60UXFQp9s
3049,https://jojoin.cc/D60UXFQp9a
3048,https://jojoin.cc/D60UXFQp9p
3047,https://jojoin.cc/D60UXFQp9o
3046,https://jojoin.cc/D60UXFQp9i
3045,https://jojoin.cc/D60UXFQp9u
3044,https://jojoin.cc/D60UXFQp9y
3043,https://jojoin.cc/D60UXFQp9t
3042,https://jojoin.cc/D60UXFQp9r
3041,https://jojoin.cc/D60UXFQp9e
3040,https://jojoin.cc/D60UXFQp9w
3039,https://jojoin.cc/D60UXFQp9q
3038,https://jojoin.cc/D60UXFQp8M
3037,https://jojoin.cc/D60UXFQp8N
3036,https://jojoin.cc/D60UXFQp8B
3035,https://jojoin.cc/D60UXFQp8V
3034,https://jojoin.cc/D60UXFQp8C
3033,https://jojoin.cc/D60UXFQp8X
3032,https://jojoin.cc/D60UXFQp8Z
3031,https://jojoin.cc/D60UXFQp8L
3030,https://jojoin.cc/D60UXFQp8K
3029,https://jojoin.cc/D60UXFQp8J
3028,https://jojoin.cc/D60UXFQp8H
3027,https://jojoin.cc/D60UXFQp8G
3026,https://jojoin.cc/D60UXFQp8F
3025,https://jojoin.cc/D60UXFl82U
3024,https://jojoin.cc/D60UXFl82Y
3023,https://jojoin.cc/D60UXFl82T
3022,https://jojoin.cc/D60UXFl82R
3021,https://jojoin.cc/D60UXFl82E
3020,https://jojoin.cc/D60UXFl82W
3019,https://jojoin.cc/D60UXFl82Q
3018,https://jojoin.cc/D60UXFl829
3017,https://jojoin.cc/D60UXFl828
3016,https://jojoin.cc/D60UXFl827
3015,https://jojoin.cc/D60UXFl826
3014,https://jojoin.cc/D60UXFl825
3013,https://jojoin.cc/D60UXFl824
3012,https://jojoin.cc/D60UXFl823
3011,https://jojoin.cc/D60UXFl822
3010,https://jojoin.cc/D60UXFl821
3009,https://jojoin.cc/D60UXFl820
3008,https://jojoin.cc/D60UXFl82m
3007,https://jojoin.cc/D60UXFl82n
3006,https://jojoin.cc/D60UXFl82b
3005,https://jojoin.cc/D60UXFl82v
3004,https://jojoin.cc/D60UXFl82c
3003,https://jojoin.cc/D60UXFl82x
3002,https://jojoin.cc/D60UXFl82z
3001,https://jojoin.cc/D60UXFl82l
3000,https://jojoin.cc/D60UXFl82k
2999,https://jojoin.cc/D60UXFl82j
2998,https://jojoin.cc/D60UXFl82h
2997,https://jojoin.cc/D60UXFl82g
2996,https://jojoin.cc/D60UXFl82f
2995,https://jojoin.cc/D60UXFl82d
2994,https://jojoin.cc/D60UXFl82s
2993,https://jojoin.cc/D60UXFl82a
2992,https://jojoin.cc/D60UXFl82p
2991,https://jojoin.cc/D60UXFl82o
2990,https://jojoin.cc/D60UXFl82i
2989,https://jojoin.cc/D60UXFl82u
2988,https://jojoin.cc/D60UXFl82y
2987,https://jojoin.cc/D60UXFl82t
2986,https://jojoin.cc/D60UXFl82r
2985,https://jojoin.cc/D60UXFl82e
2984,https://jojoin.cc/D60UXFl82w
2983,https://jojoin.cc/D60UXFl82q
2982,https://jojoin.cc/D60UXFl81M
2981,https://jojoin.cc/D60UXFl81N
2980,https://jojoin.cc/D60UXFl81B
2979,https://jojoin.cc/D60UXFl81V
2978,https://jojoin.cc/D60UXFl81C
2977,https://jojoin.cc/D60UXFl81X
2976,https://jojoin.cc/D60UXFl81Z
2975,https://jojoin.cc/D60UXFl81L
2974,https://jojoin.cc/D60UXFl81K
2973,https://jojoin.cc/D60UXFl81J
2972,https://jojoin.cc/D60UXFl81H
2971,https://jojoin.cc/D60UXFl81G
2970,https://jojoin.cc/D60UXFl81F
2969,https://jojoin.cc/D60UXFl81D
2968,https://jojoin.cc/D60UXFl81S
2967,https://jojoin.cc/D60UXFl81A
2966,https://jojoin.cc/D60UXFl81P
2965,https://jojoin.cc/D60UXFl81O
2964,https://jojoin.cc/D60UXFl81I
2963,https://jojoin.cc/D60UXFl81U
2962,https://jojoin.cc/D60UXFl81Y
2961,https://jojoin.cc/D60UXFl81T
2960,https://jojoin.cc/D60UXFl81R
2959,https://jojoin.cc/D60UXFl81E
2958,https://jojoin.cc/D60UXFl81W
2957,https://jojoin.cc/D60UXFl81Q
2956,https://jojoin.cc/D60UXFl819
2955,https://jojoin.cc/D60UXFl818
2954,https://jojoin.cc/D60UXFl817
2953,https://jojoin.cc/D60UXFl816
2952,https://jojoin.cc/D60UXFl815
2951,https://jojoin.cc/D60UXFl814
2950,https://jojoin.cc/D60UXFl813
2949,https://jojoin.cc/D60UXFl812
2948,https://jojoin.cc/D60UXFl811
2947,https://jojoin.cc/D60UXFl810
2946,https://jojoin.cc/D60UXFl81m
2945,https://jojoin.cc/D60UXFl81n
2944,https://jojoin.cc/D60UXFl81b
2943,https://jojoin.cc/D60UXFl81v
2942,https://jojoin.cc/D60UXFl81c
2941,https://jojoin.cc/D60UXFl81x
2940,https://jojoin.cc/D60UXFl81z
2939,https://jojoin.cc/D60UXFl81l
2938,https://jojoin.cc/D60UXFl81k
2937,https://jojoin.cc/D60UXFl81j
2936,https://jojoin.cc/D60UXFl81h
2935,https://jojoin.cc/D60UXFl81g
2934,https://jojoin.cc/D60UXFl81f
2933,https://jojoin.cc/D60UXFl81d
2932,https://jojoin.cc/D60UXFl81s
2931,https://jojoin.cc/D60UXFl81a
2930,https://jojoin.cc/D60UXFl81p
2929,https://jojoin.cc/D60UXFl81o
2928,https://jojoin.cc/D60UXFl81i
2927,https://jojoin.cc/D60UXFl81u
2926,https://jojoin.cc/D60UXFl81y
2925,https://jojoin.cc/D60UXFl81t
2924,https://jojoin.cc/D60UXFl81r
2923,https://jojoin.cc/D60UXFl81e
2922,https://jojoin.cc/D60UXFl81w
2921,https://jojoin.cc/D60UXFl81q
2920,https://jojoin.cc/D60UXFl80M
2919,https://jojoin.cc/D60UXFl80N
2918,https://jojoin.cc/D60UXFl80B
2917,https://jojoin.cc/D60UXFl80V
2916,https://jojoin.cc/D60UXFl80C
2915,https://jojoin.cc/D60UXFl80X
2914,https://jojoin.cc/D60UXFl80Z
2913,https://jojoin.cc/D60UXFl80L
2912,https://jojoin.cc/D60UXFl80K
2911,https://jojoin.cc/D60UXFl80J
2910,https://jojoin.cc/D60UXFl80H
2909,https://jojoin.cc/D60UXFl80G
2908,https://jojoin.cc/D60UXFl80F
2907,https://jojoin.cc/D60UXFl80D
2906,https://jojoin.cc/D60UXFl80S
2905,https://jojoin.cc/D60UXFl80A
2904,https://jojoin.cc/D60UXFl80P
2903,https://jojoin.cc/D60UXFqBx5
2902,https://jojoin.cc/D60UXFqBx4
2901,https://jojoin.cc/D60UXFqBx3
2900,https://jojoin.cc/D60UXFqBx2
2899,https://jojoin.cc/D60UXFqBx1
2898,https://jojoin.cc/D60UXFqBx0
2897,https://jojoin.cc/D60UXFqBxm
2896,https://jojoin.cc/D60UXFqBxn
2895,https://jojoin.cc/D60UXFqBxb
2894,https://jojoin.cc/D60UXFqBxv
2893,https://jojoin.cc/D60UXFqBxc
2892,https://jojoin.cc/D60UXFqBxx
2891,https://jojoin.cc/D60UXFqBxz
2890,https://jojoin.cc/D60UXFqBxl
2889,https://jojoin.cc/D60UXFqBxk
2888,https://jojoin.cc/D60UXFqBxj
2887,https://jojoin.cc/D60UXFqBxh
2886,https://jojoin.cc/D60UXFqBxg
2885,https://jojoin.cc/D60UXFqBxf
2884,https://jojoin.cc/D60UXFqBxd
2883,https://jojoin.cc/D60UXFqBxs
2882,https://jojoin.cc/D60UXFqBxa
2881,https://jojoin.cc/D60UXFqBxp
2880,https://jojoin.cc/D60UXFqBxo
2879,https://jojoin.cc/D60UXFqBxi
2878,https://jojoin.cc/D60UXFqBxu
2877,https://jojoin.cc/D60UXFqBxy
2876,https://jojoin.cc/D60UXFqBxt
2875,https://jojoin.cc/D60UXFqBxr
2874,https://jojoin.cc/D60UXFqBxe
2873,https://jojoin.cc/D60UXFqBxw
2872,https://jojoin.cc/D60UXFqBxq
2871,https://jojoin.cc/D60UXFqBzM
2870,https://jojoin.cc/D60UXFqBzN
2869,https://jojoin.cc/D60UXFqBzB
2868,https://jojoin.cc/D60UXFqBzV
2867,https://jojoin.cc/D60UXFqBzC
2866,https://jojoin.cc/D60UXFqBzX
2865,https://jojoin.cc/D60UXFqBzZ
2864,https://jojoin.cc/D60UXFqBzL
2863,https://jojoin.cc/D60UXFqBzK
2862,https://jojoin.cc/D60UXFqBzJ
2861,https://jojoin.cc/D60UXFqBzH
2860,https://jojoin.cc/D60UXFqBzG
2859,https://jojoin.cc/D60UXFqBzF
2858,https://jojoin.cc/D60UXFqBzD
2857,https://jojoin.cc/D60UXFqBzS
2856,https://jojoin.cc/D60UXFqBzA
2855,https://jojoin.cc/D60UXFqBzP
2854,https://jojoin.cc/D60UXFqBzO
2853,https://jojoin.cc/D60UXFqBzI
2852,https://jojoin.cc/D60UXFqBzU
2851,https://jojoin.cc/D60UXFqBzY
2850,https://jojoin.cc/D60UXFqBzT
2849,https://jojoin.cc/D60UXFqBzR
2848,https://jojoin.cc/D60UXFqBzE
2847,https://jojoin.cc/D60UXFqBzW
2846,https://jojoin.cc/D60UXFqBzQ
2845,https://jojoin.cc/D60UXFqBz9
2844,https://jojoin.cc/D60UXFqBz8
2843,https://jojoin.cc/D60UXFqBz7
2842,https://jojoin.cc/D60UXFqBz6
2841,https://jojoin.cc/D60UXFqBz5
2840,https://jojoin.cc/D60UXFqBz4
2839,https://jojoin.cc/D60UXFqBz3
2838,https://jojoin.cc/D60UXFqBz2
2837,https://jojoin.cc/D60UXFqBz1
2836,https://jojoin.cc/D60UXFqBz0
2835,https://jojoin.cc/D60UXFqBzm
2834,https://jojoin.cc/D60UXFqBzn
2833,https://jojoin.cc/D60UXFqBzb
2832,https://jojoin.cc/D60UXFqBzv
2831,https://jojoin.cc/D60UXFqBzc
2830,https://jojoin.cc/D60UXFqBzx
2829,https://jojoin.cc/D60UXFqBzz
2828,https://jojoin.cc/D60UXFqBzl
2827,https://jojoin.cc/D60UXFqBzk
2826,https://jojoin.cc/D60UXFqBzj
2825,https://jojoin.cc/D60UXFqBzh
2824,https://jojoin.cc/D60UXFqBzg
2823,https://jojoin.cc/D60UXFqBzf
2822,https://jojoin.cc/D60UXFqBzd
2821,https://jojoin.cc/D60UXFqBzs
2820,https://jojoin.cc/D60UXFqBza
2819,https://jojoin.cc/D60UXFqBzp
2818,https://jojoin.cc/D60UXFqBzo
2817,https://jojoin.cc/D60UXFqBzi
2816,https://jojoin.cc/D60UXFqBzu
2815,https://jojoin.cc/D60UXFqBzy
2814,https://jojoin.cc/D60UXFqBzt
2813,https://jojoin.cc/D60UXFqBzr
2812,https://jojoin.cc/D60UXFqBze
2811,https://jojoin.cc/D60UXFqBzw
2810,https://jojoin.cc/D60UXFqBzq
2809,https://jojoin.cc/D60UXFqBlM
2808,https://jojoin.cc/D60UXFqBlN
2807,https://jojoin.cc/D60UXFqBlB
2806,https://jojoin.cc/D60UXFqBlV
2805,https://jojoin.cc/D60UXFqBlC
2804,https://jojoin.cc/D60UXFqBlX
2803,https://jojoin.cc/D60UXFqBlZ
2802,https://jojoin.cc/D60UXFqBlL
2801,https://jojoin.cc/D60UXFqBlK
2800,https://jojoin.cc/D60UXFqBlJ
2799,https://jojoin.cc/D60UXFqBlH
2798,https://jojoin.cc/D60UXFqBlG
2797,https://jojoin.cc/D60UXFqBlF
2796,https://jojoin.cc/D60UXFqBlD
2795,https://jojoin.cc/D60UXFqBlS
2794,https://jojoin.cc/D60UXFqBlA
2793,https://jojoin.cc/D60UXFqBlP
2792,https://jojoin.cc/D60UXFqBlO
2791,https://jojoin.cc/D60UXFqBlI
2790,https://jojoin.cc/D60UXFqBlU
2789,https://jojoin.cc/D60UXFqBlY
2788,https://jojoin.cc/D60UXDPvdo
2787,https://jojoin.cc/D60UXDPvdi
2786,https://jojoin.cc/D60UXDPvdu
2785,https://jojoin.cc/D60UXDPvdy
2784,https://jojoin.cc/D60UXDPvdt
2783,https://jojoin.cc/D60UXDPvdr
2782,https://jojoin.cc/D60UXDPvde
2781,https://jojoin.cc/D60UXDPvdw
2780,https://jojoin.cc/D60UXDPvdq
2779,https://jojoin.cc/D60UXDPvsM
2778,https://jojoin.cc/D60UXDPvsN
2777,https://jojoin.cc/D60UXDPvsB
2776,https://jojoin.cc/D60UXDPvsV
2775,https://jojoin.cc/D60UXDPvsC
2774,https://jojoin.cc/D60UXDPvsX
2773,https://jojoin.cc/D60UXDPvsZ
2772,https://jojoin.cc/D60UXDPvsL
2771,https://jojoin.cc/D60UXDPvsK
2770,https://jojoin.cc/D60UXDPvsJ
2769,https://jojoin.cc/D60UXDPvsH
2768,https://jojoin.cc/D60UXDPvsG
2767,https://jojoin.cc/D60UXDPvsF
2766,https://jojoin.cc/D60UXDPvsD
2765,https://jojoin.cc/D60UXDPvsS
2764,https://jojoin.cc/D60UXDPvsA
2763,https://jojoin.cc/D60UXDPvsP
2762,https://jojoin.cc/D60UXDPvsO
2761,https://jojoin.cc/D60UXDPvsI
2760,https://jojoin.cc/D60UXDPvsU
2759,https://jojoin.cc/D60UXDPvsY
2758,https://jojoin.cc/D60UXDPvsT
2757,https://jojoin.cc/D60UXDPvsR
2756,https://jojoin.cc/D60UXDPvsE
2755,https://jojoin.cc/D60UXDPvsW
2754,https://jojoin.cc/D60UXDPvsQ
2753,https://jojoin.cc/D60UXDPvs9
2752,https://jojoin.cc/D60UXDPvs8
2751,https://jojoin.cc/D60UXDPvs7
2750,https://jojoin.cc/D60UXDPvs6
2749,https://jojoin.cc/D60UXDPvs5
2748,https://jojoin.cc/D60UXDPvs4
2747,https://jojoin.cc/D60UXDPvs3
2746,https://jojoin.cc/D60UXDPvs2
2745,https://jojoin.cc/D60UXDPvs1
2744,https://jojoin.cc/D60UXDPvs0
2743,https://jojoin.cc/D60UXDPvsm
2742,https://jojoin.cc/D60UXDPvsn
2741,https://jojoin.cc/D60UXDPvsb
2740,https://jojoin.cc/D60UXDPvsv
2739,https://jojoin.cc/D60UXDPvsc
2738,https://jojoin.cc/D60UXDPvsx
2737,https://jojoin.cc/D60UXDPvsz
2736,https://jojoin.cc/D60UXDPvsl
2735,https://jojoin.cc/D60UXDPvsk
2734,https://jojoin.cc/D60UXDPvsj
2733,https://jojoin.cc/D60UXDPvsh
2732,https://jojoin.cc/D60UXDPvsg
2731,https://jojoin.cc/D60UXDPvsf
2730,https://jojoin.cc/D60UXDPvsd
2729,https://jojoin.cc/D60UXDPvss
2728,https://jojoin.cc/D60UXDPvsa
2727,https://jojoin.cc/D60UXDPvsp
2726,https://jojoin.cc/D60UXDPvso
2725,https://jojoin.cc/D60UXDPvsi
2724,https://jojoin.cc/D60UXDPvsu
2723,https://jojoin.cc/D60UXDPvsy
2722,https://jojoin.cc/D60UXDPvst
2721,https://jojoin.cc/D60UXDPvsr
2720,https://jojoin.cc/D60UXDPvse
2719,https://jojoin.cc/D60UXDPvsw
2718,https://jojoin.cc/D60UXDPvsq
2717,https://jojoin.cc/D60UXDPvaM
2716,https://jojoin.cc/D60UXDPvaN
2715,https://jojoin.cc/D60UXDPvaB
2714,https://jojoin.cc/D60UXDPvaV
2713,https://jojoin.cc/D60UXDPvaC
2712,https://jojoin.cc/D60UXDPvaX
2711,https://jojoin.cc/D60UXDPvaZ
2710,https://jojoin.cc/D60UXDPvaL
2709,https://jojoin.cc/D60UXDPvaK
2708,https://jojoin.cc/D60UXDPvaJ
2707,https://jojoin.cc/D60UXDPvaH
2706,https://jojoin.cc/D60UXDPvaG
2705,https://jojoin.cc/D60UXDPvaF
2704,https://jojoin.cc/D60UXDPvaD
2703,https://jojoin.cc/D60UXDPvaS
2702,https://jojoin.cc/D60UXDPvaA
2701,https://jojoin.cc/D60UXDPvaP
2700,https://jojoin.cc/D60UXDPvaO
2699,https://jojoin.cc/D60UXDPvaI
2698,https://jojoin.cc/D60UXDPvaU
2697,https://jojoin.cc/D60UXDPvaY
2696,https://jojoin.cc/D60UXDPvaT
2695,https://jojoin.cc/D60UXDPvaR
2694,https://jojoin.cc/D60UXDPvaE
2693,https://jojoin.cc/D60UXDPvaW
2692,https://jojoin.cc/D60UXD1Sta
2691,https://jojoin.cc/D60UXD1Stp
2690,https://jojoin.cc/D60UXD1Sto
2689,https://jojoin.cc/D60UXD1Sti
2688,https://jojoin.cc/D60UXD1Stu
2687,https://jojoin.cc/D60UXD1Sty
2686,https://jojoin.cc/D60UXD1Stt
2685,https://jojoin.cc/D60UXD1Str
2684,https://jojoin.cc/D60UXD1Ste
2683,https://jojoin.cc/D60UXD1Stw
2682,https://jojoin.cc/D60UXD1Stq
2681,https://jojoin.cc/D60UXD1SrM
2680,https://jojoin.cc/D60UXD1SrN
2679,https://jojoin.cc/D60UXD1SrB
2678,https://jojoin.cc/D60UXD1SrV
2677,https://jojoin.cc/D60UXD1SrC
2676,https://jojoin.cc/D60UXD1SrX
2675,https://jojoin.cc/D60UXD1SrZ
2674,https://jojoin.cc/D60UXD1SrL
2673,https://jojoin.cc/D60UXD1SrK
2672,https://jojoin.cc/D60UXD1SrJ
2671,https://jojoin.cc/D60UXD1SrH
2670,https://jojoin.cc/D60UXD1SrG
2669,https://jojoin.cc/D60UXD1SrF
2668,https://jojoin.cc/D60UXD1SrD
2667,https://jojoin.cc/D60UXD1SrS
2666,https://jojoin.cc/D60UXD1SrA
2665,https://jojoin.cc/D60UXD1SrP
2664,https://jojoin.cc/D60UXD1SrO
2663,https://jojoin.cc/D60UXD1SrI
2662,https://jojoin.cc/D60UXD1SrU
2661,https://jojoin.cc/D60UXD1SrY
2660,https://jojoin.cc/D60UXD1SrT
2659,https://jojoin.cc/D60UXD1SrR
2658,https://jojoin.cc/D60UXD1SrE
2657,https://jojoin.cc/D60UXD1SrW
2656,https://jojoin.cc/D60UXD1SrQ
2655,https://jojoin.cc/D60UXD1Sr9
2654,https://jojoin.cc/D60UXD1Sr8
2653,https://jojoin.cc/D60UXD1Sr7
2652,https://jojoin.cc/D60UXD1Sr6
2651,https://jojoin.cc/D60UXD1Sr5
2650,https://jojoin.cc/D60UXD1Sr4
2649,https://jojoin.cc/D60UXD1Sr3
2648,https://jojoin.cc/D60UXD1Sr2
2647,https://jojoin.cc/D60UXD1Sr1
2646,https://jojoin.cc/D60UXD1Sr0
2645,https://jojoin.cc/D60UXD1Srm
2644,https://jojoin.cc/D60UXD1Srn
2643,https://jojoin.cc/D60UXD1Srb
2642,https://jojoin.cc/D60UXD1Srv
2641,https://jojoin.cc/D60UXD1Src
2640,https://jojoin.cc/D60UXD1Srx
2639,https://jojoin.cc/D60UXD1Srz
2638,https://jojoin.cc/D60UXD1Srl
2637,https://jojoin.cc/D60UXD1Srk
2636,https://jojoin.cc/D60UXD1Srj
2635,https://jojoin.cc/D60UXD1Srh
2634,https://jojoin.cc/D60UXD1Srg
2633,https://jojoin.cc/D60UXD1Srf
2632,https://jojoin.cc/D60UXD1Srd
2631,https://jojoin.cc/D60UXD1Srs
2630,https://jojoin.cc/D60UXD1Sra
2629,https://jojoin.cc/D60UXD1Srp
2628,https://jojoin.cc/D60UXD1Sro
2627,https://jojoin.cc/D60UXD1Sri
2626,https://jojoin.cc/D60UXD1Sru
2625,https://jojoin.cc/D60UXD1Sry
2624,https://jojoin.cc/D60UXD1Srt
2623,https://jojoin.cc/D60UXD1Srr
2622,https://jojoin.cc/D60UXD1Sre
2621,https://jojoin.cc/D60UXD1Srw
2620,https://jojoin.cc/D60UXD1Srq
2619,https://jojoin.cc/D60UXD1SeM
2618,https://jojoin.cc/D60UXD1SeN
2617,https://jojoin.cc/D60UXD1SeB
2616,https://jojoin.cc/D60UXD1SeV
2615,https://jojoin.cc/D60UXD1SeC
2614,https://jojoin.cc/D60UXD1SeX
2613,https://jojoin.cc/D60UXD1SeZ
2612,https://jojoin.cc/D60UXD1SeL
2611,https://jojoin.cc/D60UXD1SeK
2610,https://jojoin.cc/D60UXD1SeJ
2609,https://jojoin.cc/D60UXD1SeH
2608,https://jojoin.cc/D60UXD1SeG
2607,https://jojoin.cc/D60UXD1SeF
2606,https://jojoin.cc/D60UXD1SeD
2605,https://jojoin.cc/D60UXD1SeS
2604,https://jojoin.cc/D60UXD1SeA
2603,https://jojoin.cc/D60UXD1SeP
2602,https://jojoin.cc/D60UXD1SeO
2601,https://jojoin.cc/D60UXD1SeI
2600,https://jojoin.cc/D60UXD1SeU
2599,https://jojoin.cc/D60UXD1SeY
2598,https://jojoin.cc/D60UXD1SeT
2597,https://jojoin.cc/D60UXD1SeR
2596,https://jojoin.cc/D60UXD1SeE
2595,https://jojoin.cc/D60UXD1SeW
2594,https://jojoin.cc/D60UXD1SeQ
2593,https://jojoin.cc/D60UXD1Se9
2592,https://jojoin.cc/D60UXD1Se8
2591,https://jojoin.cc/D60UXD1Se7
2590,https://jojoin.cc/D60UXDapXA
2589,https://jojoin.cc/D60UXDapXP
2588,https://jojoin.cc/D60UXDapXO
2587,https://jojoin.cc/D60UXDapXI
2586,https://jojoin.cc/D60UXDapXU
2585,https://jojoin.cc/D60UXDapXY
2584,https://jojoin.cc/D60UXDapXT
2583,https://jojoin.cc/D60UXDapXR
2582,https://jojoin.cc/D60UXDapXE
2581,https://jojoin.cc/D60UXDapXW
2580,https://jojoin.cc/D60UXDapXQ
2579,https://jojoin.cc/D60UXDapX9
2578,https://jojoin.cc/D60UXDapX8
2577,https://jojoin.cc/D60UXDapX7
2576,https://jojoin.cc/D60UXDapX6
2575,https://jojoin.cc/D60UXDapX5
2574,https://jojoin.cc/D60UXDapX4
2573,https://jojoin.cc/D60UXDapX3
2572,https://jojoin.cc/D60UX6jERK
2571,https://jojoin.cc/D60UX6jERJ
2570,https://jojoin.cc/D60UX6jERH
2569,https://jojoin.cc/D60UX6jERG
2568,https://jojoin.cc/D60UX6jERF
2567,https://jojoin.cc/D60UX6jERD
2566,https://jojoin.cc/D60UX6jERS
2565,https://jojoin.cc/D60UX6jERA
2564,https://jojoin.cc/D60UX6jERP
2563,https://jojoin.cc/D60UX6jERO
2562,https://jojoin.cc/D60UX6jERI
2561,https://jojoin.cc/D60UX6jERU
2560,https://jojoin.cc/D60UX6jERY
2559,https://jojoin.cc/D60UX6jERT
2558,https://jojoin.cc/D60UX6jERR
2557,https://jojoin.cc/D60UX6jERE
2556,https://jojoin.cc/D60UX6jERW
2555,https://jojoin.cc/D60UX6jERQ
2554,https://jojoin.cc/D60UX6jER9
2553,https://jojoin.cc/D60UX6jER8
2552,https://jojoin.cc/D60UX6jER7
2551,https://jojoin.cc/D60UX6jER6
2550,https://jojoin.cc/D60UX6jER5
2549,https://jojoin.cc/D60UX6jER4
2548,https://jojoin.cc/D60UX6jER3
2547,https://jojoin.cc/D60UX6jER2
2546,https://jojoin.cc/D60UX6jER1
2545,https://jojoin.cc/D60UX6jER0
2544,https://jojoin.cc/D60UX6jERm
2543,https://jojoin.cc/D60UX6jERn
2542,https://jojoin.cc/D60UX6jERb
2541,https://jojoin.cc/D60UX6jERv
2540,https://jojoin.cc/D60UX6jERc
2539,https://jojoin.cc/D60UX6jERx
2538,https://jojoin.cc/D60UX6jERz
2537,https://jojoin.cc/D60UX6jERl
2536,https://jojoin.cc/D60UX6jERk
2535,https://jojoin.cc/D60UX6jERj
2534,https://jojoin.cc/D60UX6jERh
2533,https://jojoin.cc/D60UX6jERg
2532,https://jojoin.cc/D60UX6jERf
2531,https://jojoin.cc/D60UX6jERd
2530,https://jojoin.cc/D60UX6jERs
2529,https://jojoin.cc/D60UX6jERa
2528,https://jojoin.cc/D60UX6jERp
2527,https://jojoin.cc/D60UX6jERo
2526,https://jojoin.cc/D60UX6jERi
2525,https://jojoin.cc/D60UX6jERu
2524,https://jojoin.cc/D60UX6jERy
2523,https://jojoin.cc/D60UX6jERt
2522,https://jojoin.cc/D60UX6jERr
2521,https://jojoin.cc/D60UX6jERe
2520,https://jojoin.cc/D60UX6jERw
2519,https://jojoin.cc/D60UX6jERq
2518,https://jojoin.cc/D60UX6jEEM
2517,https://jojoin.cc/D60UX6jEEN
2516,https://jojoin.cc/D60UX6jEEB
2515,https://jojoin.cc/D60UX6jEEV
2514,https://jojoin.cc/D60UX6jEEC
2513,https://jojoin.cc/D60UX6jEEX
2512,https://jojoin.cc/D60UX6jEEZ
2511,https://jojoin.cc/D60UX6jEEL
2510,https://jojoin.cc/D60UX6jEEK
2509,https://jojoin.cc/D60UX5Mw6u
2508,https://jojoin.cc/D60UX5Mw6y
2507,https://jojoin.cc/D60UX5Mw6t
2506,https://jojoin.cc/D60UX5Mw6r
2505,https://jojoin.cc/D60UX5Mw6e
2504,https://jojoin.cc/D60UX5Mw6w
2503,https://jojoin.cc/D60UX5Mw6q
2502,https://jojoin.cc/D60UX5Mw5M
2501,https://jojoin.cc/D60UX5Mw5N
2500,https://jojoin.cc/D60UX5Mw5B
2499,https://jojoin.cc/D60UX5Mw5V
2498,https://jojoin.cc/D60UX5Mw5C
2497,https://jojoin.cc/D60UX5Mw5X
2496,https://jojoin.cc/D60UX5Mw5Z
2495,https://jojoin.cc/D60UX5Mw5L
2494,https://jojoin.cc/D60UX5Mw5K
2493,https://jojoin.cc/D60UX5Mw5J
2492,https://jojoin.cc/D60UX5Mw5H
2491,https://jojoin.cc/D60UX5Mw5G
2490,https://jojoin.cc/D60UX5Mw5F
2489,https://jojoin.cc/D60UX5Mw5D
2488,https://jojoin.cc/D60UX5Mw5S
2487,https://jojoin.cc/D60UX5Mw5A
2486,https://jojoin.cc/D60UX5Mw5P
2485,https://jojoin.cc/D60UX5Mw5O
2484,https://jojoin.cc/D60UX5Mw5I
2483,https://jojoin.cc/D60UX5Mw5U
2482,https://jojoin.cc/D60UX5Mw5Y
2481,https://jojoin.cc/D60UX5Mw5T
2480,https://jojoin.cc/D60UX5Mw5R
2479,https://jojoin.cc/D60UX5Mw5E
2478,https://jojoin.cc/D60UX5Mw5W
2477,https://jojoin.cc/D60UX5Mw5Q
2476,https://jojoin.cc/D60UX5Mw59
2475,https://jojoin.cc/D60UX5Mw58
2474,https://jojoin.cc/D60UX5Mw57
2473,https://jojoin.cc/D60UX5Mw56
2472,https://jojoin.cc/D60UX5Mw55
2471,https://jojoin.cc/D60UX5Mw54
2470,https://jojoin.cc/D60UX5Mw53
2469,https://jojoin.cc/D60UX5Mw52
2468,https://jojoin.cc/D60UX5Mw51
2467,https://jojoin.cc/D60UX5Mw50
2466,https://jojoin.cc/D60UX5Mw5m
2465,https://jojoin.cc/D60UX5Mw5n
2464,https://jojoin.cc/D60UX5Mw5b
2463,https://jojoin.cc/D60UX5Mw5v
2462,https://jojoin.cc/D60UX5Mw5c
2461,https://jojoin.cc/D60UX5Mw5x
2460,https://jojoin.cc/D60UX5Mw5z
2459,https://jojoin.cc/D60UX5Mw5l
2458,https://jojoin.cc/D60UX5Mw5k
2457,https://jojoin.cc/D60UX5Mw5j
2456,https://jojoin.cc/D60UX5Mw5h
2455,https://jojoin.cc/D60UX5Mw5g
2454,https://jojoin.cc/D60UX5Mw5f
2453,https://jojoin.cc/D60UX5Mw5d
2452,https://jojoin.cc/D60UX5Mw5s
2451,https://jojoin.cc/D60UX5Mw5a
2450,https://jojoin.cc/D60UX5Mw5p
2449,https://jojoin.cc/D60UX5Mw5o
2448,https://jojoin.cc/D60UX5Mw5i
2447,https://jojoin.cc/D60UX5Mw5u
2446,https://jojoin.cc/D60UX5Mw5y
2445,https://jojoin.cc/D60UX5Mw5t
2444,https://jojoin.cc/D60UX5Mw5r
2443,https://jojoin.cc/D60UX5Mw5e
2442,https://jojoin.cc/D60UX5Mw5w
2441,https://jojoin.cc/D60UX5Mw5q
2440,https://jojoin.cc/D60UX5Mw4M
2439,https://jojoin.cc/D60UX5Mw4N
2438,https://jojoin.cc/D60UX5Mw4B
2437,https://jojoin.cc/D60UX5Mw4V
2436,https://jojoin.cc/D60UX5Mw4C
2435,https://jojoin.cc/D60UX5Mw4X
2434,https://jojoin.cc/D60UX5Mw4Z
2433,https://jojoin.cc/D60UX5Mw4L
2432,https://jojoin.cc/D60UX5Mw4K
2431,https://jojoin.cc/D60UX5Mw4J
2430,https://jojoin.cc/D60UX5Mw4H
2429,https://jojoin.cc/D60UX5Mw4G
2428,https://jojoin.cc/D60UX5Mw4F
2427,https://jojoin.cc/D60UX5I0bB
2426,https://jojoin.cc/D60UX5I0bV
2425,https://jojoin.cc/D60UX5I0bC
2424,https://jojoin.cc/D60UX5I0bX
2423,https://jojoin.cc/D60UX5I0bZ
2422,https://jojoin.cc/D60UX5I0bL
2421,https://jojoin.cc/D60UX5I0bK
2420,https://jojoin.cc/D60UX5I0bJ
2419,https://jojoin.cc/D60UX5I0bH
2418,https://jojoin.cc/D60UX5I0bG
2417,https://jojoin.cc/D60UX5I0bF
2416,https://jojoin.cc/D60UX5I0bD
2415,https://jojoin.cc/D60UX5I0bS
2414,https://jojoin.cc/D60UX5I0bA
2413,https://jojoin.cc/D60UX5I0bP
2412,https://jojoin.cc/D60UX5I0bO
2411,https://jojoin.cc/D60UX5I0bI
2410,https://jojoin.cc/D60UX5I0bU
2409,https://jojoin.cc/D60UX5I0bY
2408,https://jojoin.cc/D60UX5I0bT
2407,https://jojoin.cc/D60UX5I0bR
2406,https://jojoin.cc/D60UX5I0bE
2405,https://jojoin.cc/D60UX5I0bW
2404,https://jojoin.cc/D60UX5I0bQ
2403,https://jojoin.cc/D60UX5I0b9
2402,https://jojoin.cc/D60UX5I0b8
2401,https://jojoin.cc/D60UX5I0b7
2400,https://jojoin.cc/D60UX5I0b6
2399,https://jojoin.cc/D60UX5I0b5
2398,https://jojoin.cc/D60UX5I0b4
2397,https://jojoin.cc/D60UX5I0b3
2396,https://jojoin.cc/D60UX5I0b2
2395,https://jojoin.cc/D60UX5I0b1
2394,https://jojoin.cc/D60UX5I0b0
2393,https://jojoin.cc/D60UX5I0bm
2392,https://jojoin.cc/D60UX5I0bn
2391,https://jojoin.cc/D60UX5I0bb
2390,https://jojoin.cc/D60UX5I0bv
2389,https://jojoin.cc/D60UX5I0bc
2388,https://jojoin.cc/D60UX5I0bx
2387,https://jojoin.cc/D60UX5I0bz
2386,https://jojoin.cc/D60UX5I0bl
2385,https://jojoin.cc/D60UX5I0bk
2384,https://jojoin.cc/D60UX5I0bj
2383,https://jojoin.cc/D60UX5I0bh
2382,https://jojoin.cc/D60UX5I0bg
2381,https://jojoin.cc/D60UX5I0bf
2380,https://jojoin.cc/D60UX5I0bd
2379,https://jojoin.cc/D60UX5I0bs
2378,https://jojoin.cc/D60UX5I0ba
2377,https://jojoin.cc/D60UX5I0bp
2376,https://jojoin.cc/D60UX5I0bo
2375,https://jojoin.cc/D60UX5I0bi
2374,https://jojoin.cc/D60UX5I0bu
2373,https://jojoin.cc/D60UX5I0by
2372,https://jojoin.cc/D60UX5I0bt
2371,https://jojoin.cc/D60UX5I0br
2370,https://jojoin.cc/D60UX5I0be
2369,https://jojoin.cc/D60UX5I0bw
2368,https://jojoin.cc/D60UX5I0bq
2367,https://jojoin.cc/D60UX5I0vM
2366,https://jojoin.cc/D60UX5I0vN
2365,https://jojoin.cc/D60UX5I0vB
2364,https://jojoin.cc/D60UX5I0vV
2363,https://jojoin.cc/D60UX5I0vC
2362,https://jojoin.cc/D60UX5I0vX
2361,https://jojoin.cc/D60UX5I0vZ
2360,https://jojoin.cc/D60UX5I0vL
2359,https://jojoin.cc/D60UX5I0vK
2358,https://jojoin.cc/D60UX5I0vJ
2357,https://jojoin.cc/D60UX5I0vH
2356,https://jojoin.cc/D60UX5I0vG
2355,https://jojoin.cc/D60UX5I0vF
2354,https://jojoin.cc/D60UX5I0vD
2353,https://jojoin.cc/D60UX5I0vS
2352,https://jojoin.cc/D60UX5I0vA
2351,https://jojoin.cc/D60UX5I0vP
2350,https://jojoin.cc/D60UX5mHhP
2349,https://jojoin.cc/D60UX5mHhO
2348,https://jojoin.cc/D60UX5mHhI
2347,https://jojoin.cc/D60UX5mHhU
2346,https://jojoin.cc/D60UX5mHhY
2345,https://jojoin.cc/D60UX5mHhT
2344,https://jojoin.cc/D60UX5mHhR
2343,https://jojoin.cc/D60UX5mHhE
2342,https://jojoin.cc/D60UX5mHhW
2341,https://jojoin.cc/D60UX5mHhQ
2340,https://jojoin.cc/D60UX5mHh9
2339,https://jojoin.cc/D60UX5mHh8
2338,https://jojoin.cc/D60UX5mHh7
2337,https://jojoin.cc/D60UX5mHh6
2336,https://jojoin.cc/D60UX5mHh5
2335,https://jojoin.cc/D60UX5mHh4
2334,https://jojoin.cc/D60UX5mHh3
2333,https://jojoin.cc/D60UX5mHh2
2332,https://jojoin.cc/D60UX5mHh1
2331,https://jojoin.cc/D60UX5mHh0
2330,https://jojoin.cc/D60UX5mHhm
2329,https://jojoin.cc/D60UX5mHhn
2328,https://jojoin.cc/D60UX5mHhb
2327,https://jojoin.cc/D60UX5mHhv
2326,https://jojoin.cc/D60UX5mHhc
2325,https://jojoin.cc/D60UX5mHhx
2324,https://jojoin.cc/D60UX5mHhz
2323,https://jojoin.cc/D60UX5mHhl
2322,https://jojoin.cc/D60UX5mHhk
2321,https://jojoin.cc/D60UX5mHhj
2320,https://jojoin.cc/D60UX5mHhh
2319,https://jojoin.cc/D60UX5mHhg
2318,https://jojoin.cc/D60UX5mHhf
2317,https://jojoin.cc/D60UX5mHhd
2316,https://jojoin.cc/D60UX5mHhs
2315,https://jojoin.cc/D60UX5mHha
2314,https://jojoin.cc/D60UX5mHhp
2313,https://jojoin.cc/D60UX5mHho
2312,https://jojoin.cc/D60UX5mHhi
2311,https://jojoin.cc/D60UX5mHhu
2310,https://jojoin.cc/D60UX5mHhy
2309,https://jojoin.cc/D60UX5mHht
2308,https://jojoin.cc/D60UX5mHhr
2307,https://jojoin.cc/D60UX5mHhe
2306,https://jojoin.cc/D60UX5mHhw
2305,https://jojoin.cc/D60UX5mHhq
2304,https://jojoin.cc/D60UX5mHgM
2303,https://jojoin.cc/D60UX5mHgN
2302,https://jojoin.cc/D60UX5mHgB
2301,https://jojoin.cc/D60UX5mHgV
2300,https://jojoin.cc/D60UX5mHgC
2299,https://jojoin.cc/D60UX5mHgX
2298,https://jojoin.cc/D60UX5mHgZ
2297,https://jojoin.cc/D60UX5mHgL
2296,https://jojoin.cc/D60UX5mHgK
2295,https://jojoin.cc/D60UX5mHgJ
2294,https://jojoin.cc/D60UX5mHgH
2293,https://jojoin.cc/D60UX5mHgG
2292,https://jojoin.cc/D60UX5mHgF
2291,https://jojoin.cc/D60UX5mHgD
2290,https://jojoin.cc/D60UX5mHgS
2289,https://jojoin.cc/D60UX5mHgA
2288,https://jojoin.cc/D60UX5mHgP
2287,https://jojoin.cc/D60UX5mHgO
2286,https://jojoin.cc/D60UX5mHgI
2285,https://jojoin.cc/D60UX5mHgU
2284,https://jojoin.cc/D60UX5mHgY
2283,https://jojoin.cc/D60UX5ogiT
2282,https://jojoin.cc/D60UX5ogiR
2281,https://jojoin.cc/D60UX5ogiE
2280,https://jojoin.cc/D60UX5ogiW
2279,https://jojoin.cc/D60UX5ogiQ
2278,https://jojoin.cc/D60UX5ogi9
2277,https://jojoin.cc/D60UX5ogi8
2276,https://jojoin.cc/D60UX5ogi7
2275,https://jojoin.cc/D60UX5ogi6
2274,https://jojoin.cc/D60UX5ogi5
2273,https://jojoin.cc/D60UX5ogi4
2272,https://jojoin.cc/D60UX5ogi3
2271,https://jojoin.cc/D60UX5ogi2
2270,https://jojoin.cc/D60UX5ogi1
2269,https://jojoin.cc/D60UX5ogi0
2268,https://jojoin.cc/D60UX5ogim
2267,https://jojoin.cc/D60UX5ogin
2266,https://jojoin.cc/D60UX5ogib
2265,https://jojoin.cc/D60UX5ogiv
2264,https://jojoin.cc/D60UX5ogic
2263,https://jojoin.cc/D60UX5ogix
2262,https://jojoin.cc/D60UX5ogiz
2261,https://jojoin.cc/D60UX5ogil
2260,https://jojoin.cc/D60UX5ogik
2259,https://jojoin.cc/D60UX5ogij
2258,https://jojoin.cc/D60UX5ogih
2257,https://jojoin.cc/D60UX5ogig
2256,https://jojoin.cc/D60UX5ogif
2255,https://jojoin.cc/D60UX5ogid
2254,https://jojoin.cc/D60UX5ogis
2253,https://jojoin.cc/D60UX5ogia
2252,https://jojoin.cc/D60UX5ogip
2251,https://jojoin.cc/D60UX5ogio
2250,https://jojoin.cc/D60UX5ogii
2249,https://jojoin.cc/D60UX5ogiu
2248,https://jojoin.cc/D60UX5ogiy
2247,https://jojoin.cc/D60UX5ogit
2246,https://jojoin.cc/D60UX5ogir
2245,https://jojoin.cc/D60UX5ogie
2244,https://jojoin.cc/D60UX5ogiw
2243,https://jojoin.cc/D60UX5ogiq
2242,https://jojoin.cc/D60UX5oguM
2241,https://jojoin.cc/D60UX5oguN
2240,https://jojoin.cc/D60UX5oguB
2239,https://jojoin.cc/D60UX5oguV
2238,https://jojoin.cc/D60UX5oguC
2237,https://jojoin.cc/D60UX5oguX
2236,https://jojoin.cc/D60UX5oguZ
2235,https://jojoin.cc/D60UX5oguL
2234,https://jojoin.cc/D60UX5oguK
2233,https://jojoin.cc/D60UX5oguJ
2232,https://jojoin.cc/D60UX5oguH
2231,https://jojoin.cc/D60UX5oguG
2230,https://jojoin.cc/D60UX5oguF
2229,https://jojoin.cc/D60UX5oguD
2228,https://jojoin.cc/D60UX5oguS
2227,https://jojoin.cc/D60UX5oguA
2226,https://jojoin.cc/D60UX5oguP
2225,https://jojoin.cc/D60UX5oguO
2224,https://jojoin.cc/D60UX5oguI
2223,https://jojoin.cc/D60UX5oguU
2222,https://jojoin.cc/D60UX5oguY
2221,https://jojoin.cc/D60UX5oguT
2220,https://jojoin.cc/D60UX5oguR
2219,https://jojoin.cc/D60UX5oguE
2218,https://jojoin.cc/D60UX5oguW
2217,https://jojoin.cc/D60UX4JEM5
2216,https://jojoin.cc/D60UX4JEM4
2215,https://jojoin.cc/D60UX4JEM3
2214,https://jojoin.cc/D60UX4JEM2
2213,https://jojoin.cc/D60UX4JEM1
2212,https://jojoin.cc/D60UX4JEM0
2211,https://jojoin.cc/D60UX4JEMm
2210,https://jojoin.cc/D60UX4JEMn
2209,https://jojoin.cc/D60UX4JEMb
2208,https://jojoin.cc/D60UX4JEMv
2207,https://jojoin.cc/D60UX4JEMc
2206,https://jojoin.cc/D60UX4JEMx
2205,https://jojoin.cc/D60UX4JEMz
2204,https://jojoin.cc/D60UX4JEMl
2203,https://jojoin.cc/D60UX4JEMk
2202,https://jojoin.cc/D60UX4JEMj
2201,https://jojoin.cc/D60UX4JEMh
2200,https://jojoin.cc/D60UX4JEMg
2199,https://jojoin.cc/D60UX4JEMf
2198,https://jojoin.cc/D60UX4JEMd
2197,https://jojoin.cc/D60UX4JEMs
2196,https://jojoin.cc/D60UX4JEMa
2195,https://jojoin.cc/D60UX4JEMp
2194,https://jojoin.cc/D60UX4JEMo
2193,https://jojoin.cc/D60UX4JEMi
2192,https://jojoin.cc/D60UX4JEMu
2191,https://jojoin.cc/D60UX4JEMy
2190,https://jojoin.cc/D60UX4JEMt
2189,https://jojoin.cc/D60UX4JEMr
2188,https://jojoin.cc/D60UX4JEMe
2187,https://jojoin.cc/D60UX4JEMw
2186,https://jojoin.cc/D60UX4JEMq
2185,https://jojoin.cc/D60UX4JENM
2184,https://jojoin.cc/D60UX4JENN
2183,https://jojoin.cc/D60UX4JENB
2182,https://jojoin.cc/D60UX4JENV
2181,https://jojoin.cc/D60UX4JENC
2180,https://jojoin.cc/D60UX4JENX
2179,https://jojoin.cc/D60UX4JENZ
2178,https://jojoin.cc/D60UX4JENL
2177,https://jojoin.cc/D60UX4JENK
2176,https://jojoin.cc/D60UX4JENJ
2175,https://jojoin.cc/D60UX4JENH
2174,https://jojoin.cc/D60UX4JENG
2173,https://jojoin.cc/D60UX4JENF
2172,https://jojoin.cc/D60UX4JEND
2171,https://jojoin.cc/D60UX4JENS
2170,https://jojoin.cc/D60UX4JENA
2169,https://jojoin.cc/D60UX4JENP
2168,https://jojoin.cc/D60UX4JENO
2167,https://jojoin.cc/D60UX4JENI
2166,https://jojoin.cc/D60UX4JENU
2165,https://jojoin.cc/D60UX4JENY
2164,https://jojoin.cc/D60UX4JENT
2163,https://jojoin.cc/D60UX4JENR
2162,https://jojoin.cc/D60UX4JENE
2161,https://jojoin.cc/D60UX4JENW
2160,https://jojoin.cc/D60UX4JENQ
2159,https://jojoin.cc/D60UX4JEN9
2158,https://jojoin.cc/D60UX4JEN8
2157,https://jojoin.cc/D60UX4JEN7
2156,https://jojoin.cc/D60UX49wKk
2155,https://jojoin.cc/D60UX49wKj
2154,https://jojoin.cc/D60UX49wKh
2153,https://jojoin.cc/D60UX49wKg
2152,https://jojoin.cc/D60UX49wKf
2151,https://jojoin.cc/D60UX49wKd
2150,https://jojoin.cc/D60UX49wKs
2149,https://jojoin.cc/D60UX49wKa
2148,https://jojoin.cc/D60UX49wKp
2147,https://jojoin.cc/D60UX49wKo
2146,https://jojoin.cc/D60UX49wKi
2145,https://jojoin.cc/D60UX49wKu
2144,https://jojoin.cc/D60UX49wKy
2143,https://jojoin.cc/D60UX49wKt
2142,https://jojoin.cc/D60UX49wKr
2141,https://jojoin.cc/D60UX49wKe
2140,https://jojoin.cc/D60UX49wKw
2139,https://jojoin.cc/D60UX49wKq
2138,https://jojoin.cc/D60UX49wJM
2137,https://jojoin.cc/D60UX49wJN
2136,https://jojoin.cc/D60UX49wJB
2135,https://jojoin.cc/D60UX49wJV
2134,https://jojoin.cc/D60UX49wJC
2133,https://jojoin.cc/D60UX49wJX
2132,https://jojoin.cc/D60UX49wJZ
2131,https://jojoin.cc/D60UX49wJL
2130,https://jojoin.cc/D60UX49wJK
2129,https://jojoin.cc/D60UX49wJJ
2128,https://jojoin.cc/D60UX49wJH
2127,https://jojoin.cc/D60UX49wJG
2126,https://jojoin.cc/D60UX49wJF
2125,https://jojoin.cc/D60UX49wJD
2124,https://jojoin.cc/D60UX49wJS
2123,https://jojoin.cc/D60UX49wJA
2122,https://jojoin.cc/D60UX49wJP
2121,https://jojoin.cc/D60UX49wJO
2120,https://jojoin.cc/D60UX49wJI
2119,https://jojoin.cc/D60UX49wJU
2118,https://jojoin.cc/D60UX49wJY
2117,https://jojoin.cc/D60UX49wJT
2116,https://jojoin.cc/D60UX49wJR
2115,https://jojoin.cc/D60UX49wJE
2114,https://jojoin.cc/D60UX49wJW
2113,https://jojoin.cc/D60UX49wJQ
2112,https://jojoin.cc/D60UX49wJ9
2111,https://jojoin.cc/D60UX49wJ8
2110,https://jojoin.cc/D60UX49wJ7
2109,https://jojoin.cc/D60UX49wJ6
2108,https://jojoin.cc/D60UX49wJ5
2107,https://jojoin.cc/D60UX49wJ4
2106,https://jojoin.cc/D60UX49wJ3
2105,https://jojoin.cc/D60UX4k0Ps
2104,https://jojoin.cc/D60UX4k0Pa
2103,https://jojoin.cc/D60UX4k0Pp
2102,https://jojoin.cc/D60UX4k0Po
2101,https://jojoin.cc/D60UX4k0Pi
2100,https://jojoin.cc/D60UX4k0Pu
2099,https://jojoin.cc/D60UX4k0Py
2098,https://jojoin.cc/D60UX4k0Pt
2097,https://jojoin.cc/D60UX4k0Pr
2096,https://jojoin.cc/D60UX4k0Pe
2095,https://jojoin.cc/D60UX4k0Pw
2094,https://jojoin.cc/D60UX4k0Pq
2093,https://jojoin.cc/D60UX4k0OM
2092,https://jojoin.cc/D60UX4k0ON
2091,https://jojoin.cc/D60UX4k0OB
2090,https://jojoin.cc/D60UX4k0OV
2089,https://jojoin.cc/D60UX4k0OC
2088,https://jojoin.cc/D60UX4k0OX
2087,https://jojoin.cc/D60UX4k0OZ
2086,https://jojoin.cc/D60UX4k0OL
2085,https://jojoin.cc/D60UX4k0OK
2084,https://jojoin.cc/D60UX4k0OJ
2083,https://jojoin.cc/D60UX4k0OH
2082,https://jojoin.cc/D60UX4k0OG
2081,https://jojoin.cc/D60UX4k0OF
2080,https://jojoin.cc/D60UX4k0OD
2079,https://jojoin.cc/D60UX4k0OS
2078,https://jojoin.cc/D60UX4k0OA
2077,https://jojoin.cc/D60UX4k0OP
2076,https://jojoin.cc/D60UX4k0OO
2075,https://jojoin.cc/D60UX4k0OI
2074,https://jojoin.cc/D60UX4k0OU
2073,https://jojoin.cc/D60UX4k0OY
2072,https://jojoin.cc/D60UX4k0OT
2071,https://jojoin.cc/D60UX4k0OR
2070,https://jojoin.cc/D60UX4k0OE
2069,https://jojoin.cc/D60UX4k0OW
2068,https://jojoin.cc/D60UX4k0OQ
2067,https://jojoin.cc/D60UX4k0O9
2066,https://jojoin.cc/D60UX4k0O8
2065,https://jojoin.cc/D60UX4k0O7
2064,https://jojoin.cc/D60UX4k0O6
2063,https://jojoin.cc/D60UX4k0O5
2062,https://jojoin.cc/D60UX4k0O4
2061,https://jojoin.cc/D60UX4k0O3
2060,https://jojoin.cc/D60UX4k0O2
2059,https://jojoin.cc/D60UX4k0O1
2058,https://jojoin.cc/D60UX4k0O0
2057,https://jojoin.cc/D60UX4k0Om
2056,https://jojoin.cc/D60UX3MHWr
2055,https://jojoin.cc/D60UX3MHWe
2054,https://jojoin.cc/D60UX3MHWw
2053,https://jojoin.cc/D60UX3MHWq
2052,https://jojoin.cc/D60UX3MHQM
2051,https://jojoin.cc/D60UX3MHQN
2050,https://jojoin.cc/D60UX3MHQB
2049,https://jojoin.cc/D60UX3MHQV
2048,https://jojoin.cc/D60UX3MHQC
2047,https://jojoin.cc/D60UX3MHQX
2046,https://jojoin.cc/D60UX3MHQZ
2045,https://jojoin.cc/D60UX3MHQL
2044,https://jojoin.cc/D60UX3MHQK
2043,https://jojoin.cc/D60UX3MHQJ
2042,https://jojoin.cc/D60UX3MHQH
2041,https://jojoin.cc/D60UX3MHQG
2040,https://jojoin.cc/D60UX3MHQF
2039,https://jojoin.cc/D60UX3MHQD
2038,https://jojoin.cc/D60UX3MHQS
2037,https://jojoin.cc/D60UX3MHQA
2036,https://jojoin.cc/D60UX3MHQP
2035,https://jojoin.cc/D60UX3MHQO
2034,https://jojoin.cc/D60UX3MHQI
2033,https://jojoin.cc/D60UX3MHQU
2032,https://jojoin.cc/D60UX3MHQY
2031,https://jojoin.cc/D60UX3MHQT
2030,https://jojoin.cc/D60UX3MHQR
2029,https://jojoin.cc/D60UX3MHQE
2028,https://jojoin.cc/D60UX3MHQW
2027,https://jojoin.cc/D60UX3MHQQ
2026,https://jojoin.cc/D60UX3MHQ9
2025,https://jojoin.cc/D60UX3MHQ8
2024,https://jojoin.cc/D60UX3MHQ7
2023,https://jojoin.cc/D60UX3MHQ6
2022,https://jojoin.cc/D60UX3MHQ5
2021,https://jojoin.cc/D60UX3MHQ4
2020,https://jojoin.cc/D60UX3MHQ3
2019,https://jojoin.cc/D60UX3MHQ2
2018,https://jojoin.cc/D60UX3MHQ1
2017,https://jojoin.cc/D60UX3MHQ0
2016,https://jojoin.cc/D60UX3MHQm
2015,https://jojoin.cc/D60UX3MHQn
2014,https://jojoin.cc/D60UX3MHQb
2013,https://jojoin.cc/D60UX3MHQv
2012,https://jojoin.cc/D60UX3MHQc
2011,https://jojoin.cc/D60UX3Og22
2010,https://jojoin.cc/D60UX3Og21
2009,https://jojoin.cc/D60UX3Og20
2008,https://jojoin.cc/D60UX3Og2m
2007,https://jojoin.cc/D60UX3Og2n
2006,https://jojoin.cc/D60UX3Og2b
2005,https://jojoin.cc/D60UX3Og2v
2004,https://jojoin.cc/D60UX3Og2c
2003,https://jojoin.cc/D60UX3Og2x
2002,https://jojoin.cc/D60UX3Og2z
2001,https://jojoin.cc/D60UX3Og2l